batch,prompt_length,phase,layer,query_tokens,kv_tokens,kernel_id,module,kernel,block_size,grid_size,dram__bytes_read.sum,dram__bytes_write.sum,gpu__time_duration.sum,lts__t_sectors_op_read.sum,lts__t_sectors_op_write.sum,sm__ops_path_tensor_src_bf16_dst_fp32_sparsity_off.sum,sm__ops_path_tensor_src_bf16_dst_fp32_sparsity_on.sum,sm__ops_path_tensor_src_fp16_dst_fp16_sparsity_off.sum,sm__ops_path_tensor_src_fp16_dst_fp16_sparsity_on.sum,sm__ops_path_tensor_src_fp16_dst_fp32_sparsity_off.sum,sm__ops_path_tensor_src_fp16_dst_fp32_sparsity_on.sum,sm__ops_path_tensor_src_fp64.sum,sm__ops_path_tensor_src_fp8_sparsity_off.sum,sm__ops_path_tensor_src_fp8_sparsity_on.sum,sm__ops_path_tensor_src_int1.sum,sm__ops_path_tensor_src_int4_sparsity_off.sum,sm__ops_path_tensor_src_int4_sparsity_on.sum,sm__ops_path_tensor_src_int8_sparsity_off.sum,sm__ops_path_tensor_src_int8_sparsity_on.sum,sm__ops_path_tensor_src_tf32_dst_fp32_sparsity_off.sum,sm__ops_path_tensor_src_tf32_dst_fp32_sparsity_on.sum
1,1024,decode,14,1,1029,0,input_norm,"void at::unrolled_elementwise_kernel<at::direct_copy_kernel_cuda(at::TensorIteratorBase &)::[lambda() (instance 3)]::operator ()() const::[lambda() (instance 7)]::operator ()() const::[lambda(float) (instance 1)], std::array<char *, 2>, 4, TrivialOffsetCalculator<1, unsigned int>, TrivialOffsetCalculator<1, unsigned int>, memory::LoadWithCast<1>, memory::StoreWithCast<1>>(int, T1, T2, T4, T5, T6, T7)","(128, 1, 1)","(7, 1, 1)",31488,0,2560,344,567,0,0,0,0,0,0,0,0,0,0,0,0,0,0,0,0
1,1024,decode,14,1,1029,1,input_norm,"void at::vectorized_elementwise_kernel<4, void at::<unnamed>::pow_tensor_scalar_kernel_impl<float, float>(at::TensorIteratorBase &, T2)::[lambda(float) (instance 1)], std::array<char *, 2>>(int, T2, T3)","(128, 1, 1)","(7, 1, 1)",3584,0,1312,568,528,0,0,0,0,0,0,0,0,0,0,0,0,0,0,0,0
1,1024,decode,14,1,1029,2,input_norm,"void at::reduce_kernel<512, 1, at::ReduceOp<float, at::MeanOps<float, float, float, float>, unsigned int, float, 4>>(T3)","(512, 1, 1)","(1, 1, 1)",50560,0,2688,500,135,0,0,0,0,0,0,0,0,0,0,0,0,0,0,0,0
1,1024,decode,14,1,1029,3,input_norm,"void at::vectorized_elementwise_kernel<4, at::CUDAFunctorOnSelf_add<float>, std::array<char *, 2>>(int, T2, T3)","(128, 1, 1)","(1, 1, 1)",3584,0,1248,24,50,0,0,0,0,0,0,0,0,0,0,0,0,0,0,0,0
1,1024,decode,14,1,1029,4,input_norm,"void at::vectorized_elementwise_kernel<4, at::rsqrt_kernel_cuda(at::TensorIteratorBase &)::[lambda() (instance 2)]::operator ()() const::[lambda() (instance 2)]::operator ()() const::[lambda(float) (instance 1)], std::array<char *, 2>>(int, T2, T3)","(128, 1, 1)","(1, 1, 1)",4096,0,1248,22,51,0,0,0,0,0,0,0,0,0,0,0,0,0,0,0,0
1,1024,decode,14,1,1029,5,input_norm,"void at::elementwise_kernel<128, 2, void at::gpu_kernel_impl_nocast<at::BinaryFunctor<float, float, float, binary_internal::MulFunctor<float>>>(at::TensorIteratorBase &, const T1 &)::[lambda(int) (instance 1)]>(int, T3)","(128, 1, 1)","(14, 1, 1)",11008,0,1760,694,567,0,0,0,0,0,0,0,0,0,0,0,0,0,0,0,0
1,1024,decode,14,1,1029,6,input_norm,"void at::vectorized_elementwise_kernel<4, at::bfloat16_copy_kernel_cuda(at::TensorIteratorBase &)::[lambda(float) (instance 1)], std::array<char *, 2>>(int, T2, T3)","(128, 1, 1)","(7, 1, 1)",3584,0,1312,569,284,0,0,0,0,0,0,0,0,0,0,0,0,0,0,0,0
1,1024,decode,14,1,1029,7,input_norm,"void at::vectorized_elementwise_kernel<4, at::BinaryFunctor<c10::BFloat16, c10::BFloat16, c10::BFloat16, binary_internal::MulFunctor<float>>, std::array<char *, 3>>(int, T2, T3)","(128, 1, 1)","(7, 1, 1)",11520,0,1760,566,309,0,0,0,0,0,0,0,0,0,0,0,0,0,0,0,0
1,1024,decode,14,1,1029,8,q_proj,"std::enable_if<!T7, void>::type internal::kernel<int, int, __nv_bfloat16, __nv_bfloat16, __nv_bfloat16, float, 0, 1, 1, 0, 6, 0, cublasGemvParamsEx<int, cublasGemvTensorStridedBatched<const __nv_bfloat16>, cublasGemvTensorStridedBatched<const __nv_bfloat16>, cublasGemvTensorStridedBatched<__nv_bfloat16>, float>>(T13)","(16, 4, 1)","(896, 1, 1)",25719936,7296,41472,821299,1526,0,0,0,0,0,0,0,0,0,0,0,0,0,0,0,0
1,1024,decode,14,1,1029,9,k_proj,"std::enable_if<!T7, void>::type internal::kernel<int, int, __nv_bfloat16, __nv_bfloat16, __nv_bfloat16, float, 0, 1, 1, 0, 7, 0, cublasGemvParamsEx<int, cublasGemvTensorStridedBatched<const __nv_bfloat16>, cublasGemvTensorStridedBatched<const __nv_bfloat16>, cublasGemvTensorStridedBatched<__nv_bfloat16>, float>>(T13)","(32, 4, 1)","(128, 1, 1)",3691904,0,7904,131970,449,0,0,0,0,0,0,0,0,0,0,0,0,0,0,0,0
1,1024,decode,14,1,1029,10,v_proj,"std::enable_if<!T7, void>::type internal::kernel<int, int, __nv_bfloat16, __nv_bfloat16, __nv_bfloat16, float, 0, 1, 1, 0, 7, 0, cublasGemvParamsEx<int, cublasGemvTensorStridedBatched<const __nv_bfloat16>, cublasGemvTensorStridedBatched<const __nv_bfloat16>, cublasGemvTensorStridedBatched<__nv_bfloat16>, float>>(T13)","(32, 4, 1)","(128, 1, 1)",3693440,0,7936,131970,539,0,0,0,0,0,0,0,0,0,0,0,0,0,0,0,0
1,1024,decode,14,1,1029,11,attention,"void at::elementwise_kernel<128, 4, void at::gpu_kernel_impl_nocast<at::BinaryFunctor<c10::BFloat16, c10::BFloat16, c10::BFloat16, binary_internal::MulFunctor<float>>>(at::TensorIteratorBase &, const T1 &)::[lambda(int) (instance 1)]>(int, T3)","(128, 1, 1)","(7, 1, 1)",19840,0,2304,512,404,0,0,0,0,0,0,0,0,0,0,0,0,0,0,0,0
1,1024,decode,14,1,1029,12,attention,"void at::elementwise_kernel<128, 4, void at::gpu_kernel_impl_nocast<at::neg_kernel_cuda(at::TensorIteratorBase &)::[lambda() (instance 2)]::operator ()() const::[lambda() (instance 9)]::operator ()() const::[lambda(c10::BFloat16) (instance 1)]>(at::TensorIteratorBase &, const T1 &)::[lambda(int) (instance 1)]>(int, T3)","(128, 1, 1)","(4, 1, 1)",17792,0,2208,254,297,0,0,0,0,0,0,0,0,0,0,0,0,0,0,0,0
1,1024,decode,14,1,1029,13,attention,"void at::<unnamed>::CatArrayBatchedCopy<at::<unnamed>::OpaqueType<2>, unsigned int, 4, 64, 64>(T1 *, at::<unnamed>::CatArrInputTensorMetadata<T1, T2, T4, T5>, at::<unnamed>::TensorSizeStride<T2, 4>, int, T2)","(512, 1, 1)","(152, 2, 1)",7040,0,3232,512,449,0,0,0,0,0,0,0,0,0,0,0,0,0,0,0,0
1,1024,decode,14,1,1029,14,attention,"void at::elementwise_kernel<128, 4, void at::gpu_kernel_impl_nocast<at::BinaryFunctor<c10::BFloat16, c10::BFloat16, c10::BFloat16, binary_internal::MulFunctor<float>>>(at::TensorIteratorBase &, const T1 &)::[lambda(int) (instance 1)]>(int, T3)","(128, 1, 1)","(7, 1, 1)",19840,0,2304,514,394,0,0,0,0,0,0,0,0,0,0,0,0,0,0,0,0
1,1024,decode,14,1,1029,15,attention,"void at::vectorized_elementwise_kernel<4, at::CUDAFunctor_add<c10::BFloat16>, std::array<char *, 3>>(int, T2, T3)","(128, 1, 1)","(7, 1, 1)",4352,0,1600,568,343,0,0,0,0,0,0,0,0,0,0,0,0,0,0,0,0
1,1024,decode,14,1,1029,16,attention,"void at::elementwise_kernel<128, 4, void at::gpu_kernel_impl_nocast<at::BinaryFunctor<c10::BFloat16, c10::BFloat16, c10::BFloat16, binary_internal::MulFunctor<float>>>(at::TensorIteratorBase &, const T1 &)::[lambda(int) (instance 1)]>(int, T3)","(128, 1, 1)","(1, 1, 1)",19840,0,2240,82,151,0,0,0,0,0,0,0,0,0,0,0,0,0,0,0,0
1,1024,decode,14,1,1029,17,attention,"void at::elementwise_kernel<128, 4, void at::gpu_kernel_impl_nocast<at::neg_kernel_cuda(at::TensorIteratorBase &)::[lambda() (instance 2)]::operator ()() const::[lambda() (instance 9)]::operator ()() const::[lambda(c10::BFloat16) (instance 1)]>(at::TensorIteratorBase &, const T1 &)::[lambda(int) (instance 1)]>(int, T3)","(128, 1, 1)","(1, 1, 1)",17792,0,1888,56,133,0,0,0,0,0,0,0,0,0,0,0,0,0,0,0,0
1,1024,decode,14,1,1029,18,attention,"void at::<unnamed>::CatArrayBatchedCopy<at::<unnamed>::OpaqueType<2>, unsigned int, 4, 64, 64>(T1 *, at::<unnamed>::CatArrInputTensorMetadata<T1, T2, T4, T5>, at::<unnamed>::TensorSizeStride<T2, 4>, int, T2)","(512, 1, 1)","(152, 2, 1)",6912,0,2496,250,131,0,0,0,0,0,0,0,0,0,0,0,0,0,0,0,0
1,1024,decode,14,1,1029,19,attention,"void at::elementwise_kernel<128, 4, void at::gpu_kernel_impl_nocast<at::BinaryFunctor<c10::BFloat16, c10::BFloat16, c10::BFloat16, binary_internal::MulFunctor<float>>>(at::TensorIteratorBase &, const T1 &)::[lambda(int) (instance 1)]>(int, T3)","(128, 1, 1)","(1, 1, 1)",19840,0,2208,80,187,0,0,0,0,0,0,0,0,0,0,0,0,0,0,0,0
1,1024,decode,14,1,1029,20,attention,"void at::vectorized_elementwise_kernel<4, at::CUDAFunctor_add<c10::BFloat16>, std::array<char *, 3>>(int, T2, T3)","(128, 1, 1)","(1, 1, 1)",4352,0,1536,88,136,0,0,0,0,0,0,0,0,0,0,0,0,0,0,0,0
1,1024,decode,14,1,1029,21,attention,"void at::<unnamed>::CatArrayBatchedCopy_contig<at::<unnamed>::OpaqueType<2>, unsigned int, 4, 128, 1>(T1 *, at::<unnamed>::CatArrInputTensorMetadata<T1, T2, T4, T5>, at::<unnamed>::TensorSizeStride<T2, 4>, int, T2)","(512, 1, 1)","(152, 2, 1)",1058688,0,4992,33286,33201,0,0,0,0,0,0,0,0,0,0,0,0,0,0,0,0
1,1024,decode,14,1,1029,22,attention,"void at::<unnamed>::CatArrayBatchedCopy_contig<at::<unnamed>::OpaqueType<2>, unsigned int, 4, 128, 1>(T1 *, at::<unnamed>::CatArrInputTensorMetadata<T1, T2, T4, T5>, at::<unnamed>::TensorSizeStride<T2, 4>, int, T2)","(512, 1, 1)","(152, 2, 1)",1059200,0,4864,33282,33252,0,0,0,0,0,0,0,0,0,0,0,0,0,0,0,0
1,1024,decode,14,1,1029,23,attention,"void at::elementwise_kernel<128, 4, void at::gpu_kernel_impl_nocast<at::direct_copy_kernel_cuda(at::TensorIteratorBase &)::[lambda() (instance 3)]::operator ()() const::[lambda() (instance 12)]::operator ()() const::[lambda(c10::BFloat16) (instance 1)]>(at::TensorIteratorBase &, const T1 &)::[lambda(int) (instance 1)]>(int, T3)","(128, 1, 1)","(7203, 1, 1)",1072896,0,11008,223486,231045,0,0,0,0,0,0,0,0,0,0,0,0,0,0,0,0
1,1024,decode,14,1,1029,24,attention,"void at::elementwise_kernel<128, 4, void at::gpu_kernel_impl_nocast<at::direct_copy_kernel_cuda(at::TensorIteratorBase &)::[lambda() (instance 3)]::operator ()() const::[lambda() (instance 12)]::operator ()() const::[lambda(c10::BFloat16) (instance 1)]>(at::TensorIteratorBase &, const T1 &)::[lambda(int) (instance 1)]>(int, T3)","(128, 1, 1)","(7203, 1, 1)",1072256,2944,11072,223457,231024,0,0,0,0,0,0,0,0,0,0,0,0,0,0,0,0
1,1024,decode,14,1,1029,25,attention,"void pytorch_flash::flash_fwd_splitkv_kernel<pytorch_flash::Flash_fwd_kernel_traits<128, 64, 128, 4, 0, 0, cutlass::bfloat16_t, pytorch_flash::Flash_kernel_traits<128, 64, 128, 4, cutlass::bfloat16_t>>, 0, 0, 0, 0, 1, 1, 0>(pytorch_flash::Flash_fwd_params)","(128, 1, 1)","(1, 5, 28)",14811648,3712,28032,462554,3216,1056964608,0,0,0,0,0,0,0,0,0,0,0,0,0,0,0
1,1024,decode,14,1,1029,26,attention,"void pytorch_flash::flash_fwd_splitkv_combine_kernel<pytorch_flash::Flash_fwd_kernel_traits<128, 64, 128, 4, 0, 0, cutlass::bfloat16_t, pytorch_flash::Flash_kernel_traits<128, 64, 128, 4, cutlass::bfloat16_t>>, 4, 3, 1>(pytorch_flash::Flash_fwd_params)","(128, 1, 1)","(7, 1, 1)",7680,0,2656,2510,425,0,0,0,0,0,0,0,0,0,0,0,0,0,0,0,0
1,1024,decode,14,1,1029,27,o_proj,"std::enable_if<!T7, void>::type internal::kernel<int, int, __nv_bfloat16, __nv_bfloat16, __nv_bfloat16, float, 0, 1, 1, 0, 6, 0, cublasGemvParamsEx<int, cublasGemvTensorStridedBatched<const __nv_bfloat16>, cublasGemvTensorStridedBatched<const __nv_bfloat16>, cublasGemvTensorStridedBatched<__nv_bfloat16>, float>>(T13)","(16, 4, 1)","(896, 1, 1)",25712512,0,40960,820800,1810,0,0,0,0,0,0,0,0,0,0,0,0,0,0,0,0
1,1024,decode,14,1,1029,28,decode_layer14,"void at::vectorized_elementwise_kernel<4, at::CUDAFunctor_add<c10::BFloat16>, std::array<char *, 3>>(int, T2, T3)","(128, 1, 1)","(7, 1, 1)",4352,0,1568,568,342,0,0,0,0,0,0,0,0,0,0,0,0,0,0,0,0
1,1024,decode,14,1,1029,29,post_norm,"void at::unrolled_elementwise_kernel<at::direct_copy_kernel_cuda(at::TensorIteratorBase &)::[lambda() (instance 3)]::operator ()() const::[lambda() (instance 7)]::operator ()() const::[lambda(float) (instance 1)], std::array<char *, 2>, 4, TrivialOffsetCalculator<1, unsigned int>, TrivialOffsetCalculator<1, unsigned int>, memory::LoadWithCast<1>, memory::StoreWithCast<1>>(int, T1, T2, T4, T5, T6, T7)","(128, 1, 1)","(7, 1, 1)",31488,0,2528,344,648,0,0,0,0,0,0,0,0,0,0,0,0,0,0,0,0
1,1024,decode,14,1,1029,30,post_norm,"void at::vectorized_elementwise_kernel<4, void at::<unnamed>::pow_tensor_scalar_kernel_impl<float, float>(at::TensorIteratorBase &, T2)::[lambda(float) (instance 1)], std::array<char *, 2>>(int, T2, T3)","(128, 1, 1)","(7, 1, 1)",3584,0,1280,568,565,0,0,0,0,0,0,0,0,0,0,0,0,0,0,0,0
1,1024,decode,14,1,1029,31,post_norm,"void at::reduce_kernel<512, 1, at::ReduceOp<float, at::MeanOps<float, float, float, float>, unsigned int, float, 4>>(T3)","(512, 1, 1)","(1, 1, 1)",50560,0,2784,489,124,0,0,0,0,0,0,0,0,0,0,0,0,0,0,0,0
1,1024,decode,14,1,1029,32,post_norm,"void at::vectorized_elementwise_kernel<4, at::CUDAFunctorOnSelf_add<float>, std::array<char *, 2>>(int, T2, T3)","(128, 1, 1)","(1, 1, 1)",3584,0,1248,24,51,0,0,0,0,0,0,0,0,0,0,0,0,0,0,0,0
1,1024,decode,14,1,1029,33,post_norm,"void at::vectorized_elementwise_kernel<4, at::rsqrt_kernel_cuda(at::TensorIteratorBase &)::[lambda() (instance 2)]::operator ()() const::[lambda() (instance 2)]::operator ()() const::[lambda(float) (instance 1)], std::array<char *, 2>>(int, T2, T3)","(128, 1, 1)","(1, 1, 1)",4096,0,1280,23,110,0,0,0,0,0,0,0,0,0,0,0,0,0,0,0,0
1,1024,decode,14,1,1029,34,post_norm,"void at::elementwise_kernel<128, 2, void at::gpu_kernel_impl_nocast<at::BinaryFunctor<float, float, float, binary_internal::MulFunctor<float>>>(at::TensorIteratorBase &, const T1 &)::[lambda(int) (instance 1)]>(int, T3)","(128, 1, 1)","(14, 1, 1)",11136,0,1760,692,580,0,0,0,0,0,0,0,0,0,0,0,0,0,0,0,0
1,1024,decode,14,1,1029,35,post_norm,"void at::vectorized_elementwise_kernel<4, at::bfloat16_copy_kernel_cuda(at::TensorIteratorBase &)::[lambda(float) (instance 1)], std::array<char *, 2>>(int, T2, T3)","(128, 1, 1)","(7, 1, 1)",3712,0,1280,568,341,0,0,0,0,0,0,0,0,0,0,0,0,0,0,0,0
1,1024,decode,14,1,1029,36,post_norm,"void at::vectorized_elementwise_kernel<4, at::BinaryFunctor<c10::BFloat16, c10::BFloat16, c10::BFloat16, binary_internal::MulFunctor<float>>, std::array<char *, 3>>(int, T2, T3)","(128, 1, 1)","(7, 1, 1)",11520,0,1728,570,304,0,0,0,0,0,0,0,0,0,0,0,0,0,0,0,0
1,1024,decode,14,1,1029,37,gate_proj,"std::enable_if<!T7, void>::type internal::kernel<int, int, __nv_bfloat16, __nv_bfloat16, __nv_bfloat16, float, 0, 1, 1, 0, 7, 0, cublasGemvParamsEx<int, cublasGemvTensorStridedBatched<const __nv_bfloat16>, cublasGemvTensorStridedBatched<const __nv_bfloat16>, cublasGemvTensorStridedBatched<__nv_bfloat16>, float>>(T13)","(32, 4, 1)","(4736, 1, 1)",135815296,1280,204160,4272250,9155,0,0,0,0,0,0,0,0,0,0,0,0,0,0,0,0
1,1024,decode,14,1,1029,38,mlp,"void at::vectorized_elementwise_kernel<4, at::<unnamed>::silu_kernel(at::TensorIteratorBase &)::[lambda() (instance 1)]::operator ()() const::[lambda() (instance 6)]::operator ()() const::[lambda(c10::BFloat16) (instance 1)], std::array<char *, 2>>(int, T2, T3)","(128, 1, 1)","(37, 1, 1)",8448,0,1504,1306,1301,0,0,0,0,0,0,0,0,0,0,0,0,0,0,0,0
1,1024,decode,14,1,1029,39,up_proj,"std::enable_if<!T7, void>::type internal::kernel<int, int, __nv_bfloat16, __nv_bfloat16, __nv_bfloat16, float, 0, 1, 1, 0, 7, 0, cublasGemvParamsEx<int, cublasGemvTensorStridedBatched<const __nv_bfloat16>, cublasGemvTensorStridedBatched<const __nv_bfloat16>, cublasGemvTensorStridedBatched<__nv_bfloat16>, float>>(T13)","(32, 4, 1)","(4736, 1, 1)",135816960,0,204192,4269416,8723,0,0,0,0,0,0,0,0,0,0,0,0,0,0,0,0
1,1024,decode,14,1,1029,40,mlp,"void at::vectorized_elementwise_kernel<4, at::BinaryFunctor<c10::BFloat16, c10::BFloat16, c10::BFloat16, binary_internal::MulFunctor<float>>, std::array<char *, 3>>(int, T2, T3)","(128, 1, 1)","(37, 1, 1)",80384,0,2048,2482,1281,0,0,0,0,0,0,0,0,0,0,0,0,0,0,0,0
1,1024,decode,14,1,1029,41,down_proj,"std::enable_if<!T7, void>::type internal::kernel<int, int, __nv_bfloat16, __nv_bfloat16, __nv_bfloat16, float, 0, 1, 1, 0, 7, 0, cublasGemvParamsEx<int, cublasGemvTensorStridedBatched<const __nv_bfloat16>, cublasGemvTensorStridedBatched<const __nv_bfloat16>, cublasGemvTensorStridedBatched<__nv_bfloat16>, float>>(T13)","(32, 4, 1)","(896, 1, 1)",135853696,0,205760,4416021,4022,0,0,0,0,0,0,0,0,0,0,0,0,0,0,0,0
1,1024,decode,14,1,1029,42,decode_layer14,"void at::vectorized_elementwise_kernel<4, at::CUDAFunctor_add<c10::BFloat16>, std::array<char *, 3>>(int, T2, T3)","(128, 1, 1)","(7, 1, 1)",4352,0,1568,578,292,0,0,0,0,0,0,0,0,0,0,0,0,0,0,0,0
1,1024,prefill,14,1024,1024,0,input_norm,"void at::unrolled_elementwise_kernel<at::direct_copy_kernel_cuda(at::TensorIteratorBase &)::[lambda() (instance 3)]::operator ()() const::[lambda() (instance 7)]::operator ()() const::[lambda(float) (instance 1)], std::array<char *, 2>, 4, TrivialOffsetCalculator<1, unsigned int>, TrivialOffsetCalculator<1, unsigned int>, memory::LoadWithCast<1>, memory::StoreWithCast<1>>(int, T1, T2, T4, T5, T6, T7)","(128, 1, 1)","(7168, 1, 1)",7373440,0,16768,229622,459350,0,0,0,0,0,0,0,0,0,0,0,0,0,0,0,0
1,1024,prefill,14,1024,1024,1,input_norm,"void at::vectorized_elementwise_kernel<4, void at::<unnamed>::pow_tensor_scalar_kernel_impl<float, float>(at::TensorIteratorBase &, T2)::[lambda(float) (instance 1)], std::array<char *, 2>>(int, T2, T3)","(128, 1, 1)","(7168, 1, 1)",14684800,0,23648,458946,459155,0,0,0,0,0,0,0,0,0,0,0,0,0,0,0,0
1,1024,prefill,14,1024,1024,2,input_norm,"void at::reduce_kernel<512, 1, at::ReduceOp<float, at::MeanOps<float, float, float, float>, unsigned int, float, 4>>(T3)","(32, 16, 1)","(64, 1, 1)",14732672,0,25600,459074,548,0,0,0,0,0,0,0,0,0,0,0,0,0,0,0,0
1,1024,prefill,14,1024,1024,3,input_norm,"void at::vectorized_elementwise_kernel<4, at::CUDAFunctorOnSelf_add<float>, std::array<char *, 2>>(int, T2, T3)","(128, 1, 1)","(2, 1, 1)",7680,0,1408,163,262,0,0,0,0,0,0,0,0,0,0,0,0,0,0,0,0
1,1024,prefill,14,1024,1024,4,input_norm,"void at::vectorized_elementwise_kernel<4, at::rsqrt_kernel_cuda(at::TensorIteratorBase &)::[lambda() (instance 2)]::operator ()() const::[lambda() (instance 2)]::operator ()() const::[lambda(float) (instance 1)], std::array<char *, 2>>(int, T2, T3)","(128, 1, 1)","(2, 1, 1)",8320,0,1440,172,271,0,0,0,0,0,0,0,0,0,0,0,0,0,0,0,0
1,1024,prefill,14,1024,1024,5,input_norm,"void at::elementwise_kernel<128, 2, void at::gpu_kernel_impl_nocast<at::BinaryFunctor<float, float, float, binary_internal::MulFunctor<float>>>(at::TensorIteratorBase &, const T1 &)::[lambda(int) (instance 1)]>(int, T3)","(128, 1, 1)","(14336, 1, 1)",14697600,0,24224,465061,459129,0,0,0,0,0,0,0,0,0,0,0,0,0,0,0,0
1,1024,prefill,14,1024,1024,6,input_norm,"void at::vectorized_elementwise_kernel<4, at::bfloat16_copy_kernel_cuda(at::TensorIteratorBase &)::[lambda(float) (instance 1)], std::array<char *, 2>>(int, T2, T3)","(128, 1, 1)","(7168, 1, 1)",14684672,0,23712,458902,229810,0,0,0,0,0,0,0,0,0,0,0,0,0,0,0,0
1,1024,prefill,14,1024,1024,7,input_norm,"void at::elementwise_kernel<128, 4, void at::gpu_kernel_impl_nocast<at::BinaryFunctor<c10::BFloat16, c10::BFloat16, c10::BFloat16, binary_internal::MulFunctor<float>>>(at::TensorIteratorBase &, const T1 &)::[lambda(int) (instance 1)]>(int, T3)","(128, 1, 1)","(7168, 1, 1)",7368832,0,14432,249306,229925,0,0,0,0,0,0,0,0,0,0,0,0,0,0,0,0
1,1024,prefill,14,1024,1024,8,q_proj,ampere_bf16_s1688gemm_bf16_128x128_ldg8_relu_f2f_stages_32x1_tn,"(128, 1, 1)","(28, 8, 2)",33066880,14848,257280,13038400,460870,26306674688,0,0,0,0,0,0,0,0,0,0,0,0,0,0,0
1,1024,prefill,14,1024,1024,9,k_proj,ampere_bf16_s16816gemm_bf16_128x128_ldg8_relu_f2f_stages_64x3_tn,"(128, 1, 1)","(4, 8, 2)",11036672,11520,50592,1871165,67112,3758096384,0,0,0,0,0,0,0,0,0,0,0,0,0,0,0
1,1024,prefill,14,1024,1024,10,v_proj,ampere_bf16_s16816gemm_bf16_128x128_ldg8_relu_f2f_stages_64x3_tn,"(128, 1, 1)","(4, 8, 2)",11036800,1024,50208,1871303,67112,3758096384,0,0,0,0,0,0,0,0,0,0,0,0,0,0,0
1,1024,prefill,14,1024,1024,11,attention,"void at::elementwise_kernel<128, 4, void at::gpu_kernel_impl_nocast<at::BinaryFunctor<c10::BFloat16, c10::BFloat16, c10::BFloat16, binary_internal::MulFunctor<float>>>(at::TensorIteratorBase &, const T1 &)::[lambda(int) (instance 1)]>(int, T3)","(128, 1, 1)","(7168, 1, 1)",7624064,1536,15392,279848,229865,0,0,0,0,0,0,0,0,0,0,0,0,0,0,0,0
1,1024,prefill,14,1024,1024,12,attention,"void at::elementwise_kernel<128, 4, void at::gpu_kernel_impl_nocast<at::neg_kernel_cuda(at::TensorIteratorBase &)::[lambda() (instance 2)]::operator ()() const::[lambda() (instance 9)]::operator ()() const::[lambda(c10::BFloat16) (instance 1)]>(at::TensorIteratorBase &, const T1 &)::[lambda(int) (instance 1)]>(int, T3)","(128, 1, 1)","(3584, 1, 1)",3688960,512,8608,114940,115130,0,0,0,0,0,0,0,0,0,0,0,0,0,0,0,0
1,1024,prefill,14,1024,1024,13,attention,"void at::<unnamed>::CatArrayBatchedCopy<at::<unnamed>::OpaqueType<2>, unsigned int, 4, 64, 64>(T1 *, at::<unnamed>::CatArrInputTensorMetadata<T1, T2, T4, T5>, at::<unnamed>::TensorSizeStride<T2, 4>, int, T2)","(512, 1, 1)","(152, 2, 1)",7350912,0,27264,230024,230359,0,0,0,0,0,0,0,0,0,0,0,0,0,0,0,0
1,1024,prefill,14,1024,1024,14,attention,"void at::elementwise_kernel<128, 4, void at::gpu_kernel_impl_nocast<at::BinaryFunctor<c10::BFloat16, c10::BFloat16, c10::BFloat16, binary_internal::MulFunctor<float>>>(at::TensorIteratorBase &, const T1 &)::[lambda(int) (instance 1)]>(int, T3)","(128, 1, 1)","(7168, 1, 1)",4477440,0,12896,439622,229668,0,0,0,0,0,0,0,0,0,0,0,0,0,0,0,0
1,1024,prefill,14,1024,1024,15,attention,"void at::elementwise_kernel<128, 4, void at::gpu_kernel_impl_nocast<at::CUDAFunctor_add<c10::BFloat16>>(at::TensorIteratorBase &, const T1 &)::[lambda(int) (instance 1)]>(int, T3)","(128, 1, 1)","(7168, 1, 1)",13654784,3456,22752,459101,229967,0,0,0,0,0,0,0,0,0,0,0,0,0,0,0,0
1,1024,prefill,14,1024,1024,16,attention,"void at::elementwise_kernel<128, 4, void at::gpu_kernel_impl_nocast<at::BinaryFunctor<c10::BFloat16, c10::BFloat16, c10::BFloat16, binary_internal::MulFunctor<float>>>(at::TensorIteratorBase &, const T1 &)::[lambda(int) (instance 1)]>(int, T3)","(128, 1, 1)","(1024, 1, 1)",1331200,0,5088,41200,33016,0,0,0,0,0,0,0,0,0,0,0,0,0,0,0,0
1,1024,prefill,14,1024,1024,17,attention,"void at::elementwise_kernel<128, 4, void at::gpu_kernel_impl_nocast<at::neg_kernel_cuda(at::TensorIteratorBase &)::[lambda() (instance 2)]::operator ()() const::[lambda() (instance 9)]::operator ()() const::[lambda(c10::BFloat16) (instance 1)]>(at::TensorIteratorBase &, const T1 &)::[lambda(int) (instance 1)]>(int, T3)","(128, 1, 1)","(512, 1, 1)",542464,0,3392,16649,16539,0,0,0,0,0,0,0,0,0,0,0,0,0,0,0,0
1,1024,prefill,14,1024,1024,18,attention,"void at::<unnamed>::CatArrayBatchedCopy<at::<unnamed>::OpaqueType<2>, unsigned int, 4, 64, 64>(T1 *, at::<unnamed>::CatArrInputTensorMetadata<T1, T2, T4, T5>, at::<unnamed>::TensorSizeStride<T2, 4>, int, T2)","(512, 1, 1)","(152, 2, 1)",1056128,0,6784,33188,33201,0,0,0,0,0,0,0,0,0,0,0,0,0,0,0,0
1,1024,prefill,14,1024,1024,19,attention,"void at::elementwise_kernel<128, 4, void at::gpu_kernel_impl_nocast<at::BinaryFunctor<c10::BFloat16, c10::BFloat16, c10::BFloat16, binary_internal::MulFunctor<float>>>(at::TensorIteratorBase &, const T1 &)::[lambda(int) (instance 1)]>(int, T3)","(128, 1, 1)","(1024, 1, 1)",1330560,0,4768,65444,33070,0,0,0,0,0,0,0,0,0,0,0,0,0,0,0,0
1,1024,prefill,14,1024,1024,20,attention,"void at::elementwise_kernel<128, 4, void at::gpu_kernel_impl_nocast<at::CUDAFunctor_add<c10::BFloat16>>(at::TensorIteratorBase &, const T1 &)::[lambda(int) (instance 1)]>(int, T3)","(128, 1, 1)","(1024, 1, 1)",1068800,0,4640,65776,33030,0,0,0,0,0,0,0,0,0,0,0,0,0,0,0,0
1,1024,prefill,14,1024,1024,21,attention,"void at::elementwise_kernel<128, 4, void at::gpu_kernel_impl_nocast<at::direct_copy_kernel_cuda(at::TensorIteratorBase &)::[lambda() (instance 3)]::operator ()() const::[lambda() (instance 12)]::operator ()() const::[lambda(c10::BFloat16) (instance 1)]>(at::TensorIteratorBase &, const T1 &)::[lambda(int) (instance 1)]>(int, T3)","(128, 1, 1)","(7168, 1, 1)",1066880,0,12896,221362,229972,0,0,0,0,0,0,0,0,0,0,0,0,0,0,0,0
1,1024,prefill,14,1024,1024,22,attention,"void at::elementwise_kernel<128, 4, void at::gpu_kernel_impl_nocast<at::direct_copy_kernel_cuda(at::TensorIteratorBase &)::[lambda() (instance 3)]::operator ()() const::[lambda() (instance 12)]::operator ()() const::[lambda(c10::BFloat16) (instance 1)]>(at::TensorIteratorBase &, const T1 &)::[lambda(int) (instance 1)]>(int, T3)","(128, 1, 1)","(7168, 1, 1)",1066880,0,12928,221444,229965,0,0,0,0,0,0,0,0,0,0,0,0,0,0,0,0
1,1024,prefill,14,1024,1024,23,attention,"void at::elementwise_kernel<128, 4, void at::gpu_kernel_impl_nocast<at::direct_copy_kernel_cuda(at::TensorIteratorBase &)::[lambda() (instance 3)]::operator ()() const::[lambda() (instance 12)]::operator ()() const::[lambda(c10::BFloat16) (instance 1)]>(at::TensorIteratorBase &, const T1 &)::[lambda(int) (instance 1)]>(int, T3)","(128, 1, 1)","(7168, 1, 1)",4213376,0,12480,229693,229921,0,0,0,0,0,0,0,0,0,0,0,0,0,0,0,0
1,1024,prefill,14,1024,1024,24,attention,"void pytorch_flash::flash_fwd_kernel<pytorch_flash::Flash_fwd_kernel_traits<128, 64, 64, 4, 0, 0, cutlass::bfloat16_t, pytorch_flash::Flash_kernel_traits<128, 64, 64, 4, cutlass::bfloat16_t>>, 0, 1, 0, 0, 1, 1, 0>(pytorch_flash::Flash_fwd_params)","(128, 1, 1)","(16, 1, 28)",22059008,7936,116128,4129308,234472,7985954816,0,0,0,0,0,0,0,0,0,0,0,0,0,0,0
1,1024,prefill,14,1024,1024,25,attention,"void at::elementwise_kernel<128, 4, void at::gpu_kernel_impl_nocast<at::direct_copy_kernel_cuda(at::TensorIteratorBase &)::[lambda() (instance 3)]::operator ()() const::[lambda() (instance 12)]::operator ()() const::[lambda(c10::BFloat16) (instance 1)]>(at::TensorIteratorBase &, const T1 &)::[lambda(int) (instance 1)]>(int, T3)","(128, 1, 1)","(7168, 1, 1)",4214144,0,12384,229697,229897,0,0,0,0,0,0,0,0,0,0,0,0,0,0,0,0
1,1024,prefill,14,1024,1024,26,o_proj,ampere_bf16_s1688gemm_bf16_128x128_ldg8_f2f_stages_32x1_tn,"(128, 1, 1)","(28, 8, 1)",32004480,1408,253792,12807238,232783,26306674688,0,0,0,0,0,0,0,0,0,0,0,0,0,0,0
1,1024,prefill,14,1024,1024,27,prefill_layer14,"void at::vectorized_elementwise_kernel<4, at::CUDAFunctor_add<c10::BFloat16>, std::array<char *, 3>>(int, T2, T3)","(128, 1, 1)","(7168, 1, 1)",13636608,0,22144,458896,229809,0,0,0,0,0,0,0,0,0,0,0,0,0,0,0,0
1,1024,prefill,14,1024,1024,28,post_norm,"void at::unrolled_elementwise_kernel<at::direct_copy_kernel_cuda(at::TensorIteratorBase &)::[lambda() (instance 3)]::operator ()() const::[lambda() (instance 7)]::operator ()() const::[lambda(float) (instance 1)], std::array<char *, 2>, 4, TrivialOffsetCalculator<1, unsigned int>, TrivialOffsetCalculator<1, unsigned int>, memory::LoadWithCast<1>, memory::StoreWithCast<1>>(int, T1, T2, T4, T5, T6, T7)","(128, 1, 1)","(7168, 1, 1)",7373568,84224,16992,229616,459350,0,0,0,0,0,0,0,0,0,0,0,0,0,0,0,0
1,1024,prefill,14,1024,1024,29,post_norm,"void at::vectorized_elementwise_kernel<4, void at::<unnamed>::pow_tensor_scalar_kernel_impl<float, float>(at::TensorIteratorBase &, T2)::[lambda(float) (instance 1)], std::array<char *, 2>>(int, T2, T3)","(128, 1, 1)","(7168, 1, 1)",14684928,0,23648,458927,459271,0,0,0,0,0,0,0,0,0,0,0,0,0,0,0,0
1,1024,prefill,14,1024,1024,30,post_norm,"void at::reduce_kernel<512, 1, at::ReduceOp<float, at::MeanOps<float, float, float, float>, unsigned int, float, 4>>(T3)","(32, 16, 1)","(64, 1, 1)",14732544,0,25568,459078,491,0,0,0,0,0,0,0,0,0,0,0,0,0,0,0,0
1,1024,prefill,14,1024,1024,31,post_norm,"void at::vectorized_elementwise_kernel<4, at::CUDAFunctorOnSelf_add<float>, std::array<char *, 2>>(int, T2, T3)","(128, 1, 1)","(2, 1, 1)",7680,0,1376,164,242,0,0,0,0,0,0,0,0,0,0,0,0,0,0,0,0
1,1024,prefill,14,1024,1024,32,post_norm,"void at::vectorized_elementwise_kernel<4, at::rsqrt_kernel_cuda(at::TensorIteratorBase &)::[lambda() (instance 2)]::operator ()() const::[lambda() (instance 2)]::operator ()() const::[lambda(float) (instance 1)], std::array<char *, 2>>(int, T2, T3)","(128, 1, 1)","(2, 1, 1)",8320,0,1536,164,225,0,0,0,0,0,0,0,0,0,0,0,0,0,0,0,0
1,1024,prefill,14,1024,1024,33,post_norm,"void at::elementwise_kernel<128, 2, void at::gpu_kernel_impl_nocast<at::BinaryFunctor<float, float, float, binary_internal::MulFunctor<float>>>(at::TensorIteratorBase &, const T1 &)::[lambda(int) (instance 1)]>(int, T3)","(128, 1, 1)","(14336, 1, 1)",14697344,0,24224,464992,459382,0,0,0,0,0,0,0,0,0,0,0,0,0,0,0,0
1,1024,prefill,14,1024,1024,34,post_norm,"void at::vectorized_elementwise_kernel<4, at::bfloat16_copy_kernel_cuda(at::TensorIteratorBase &)::[lambda(float) (instance 1)], std::array<char *, 2>>(int, T2, T3)","(128, 1, 1)","(7168, 1, 1)",14684544,0,23712,458916,229647,0,0,0,0,0,0,0,0,0,0,0,0,0,0,0,0
1,1024,prefill,14,1024,1024,35,post_norm,"void at::elementwise_kernel<128, 4, void at::gpu_kernel_impl_nocast<at::BinaryFunctor<c10::BFloat16, c10::BFloat16, c10::BFloat16, binary_internal::MulFunctor<float>>>(at::TensorIteratorBase &, const T1 &)::[lambda(int) (instance 1)]>(int, T3)","(128, 1, 1)","(7168, 1, 1)",4222720,1024,12672,249394,229922,0,0,0,0,0,0,0,0,0,0,0,0,0,0,0,0
1,1024,prefill,14,1024,1024,36,gate_proj,void cutlass::Kernel2<cutlass_80_tensorop_bf16_s16816gemm_relu_bf16_256x128_32x3_tn_align8>(T1::Params),"(256, 1, 1)","(64, 10, 1)",143318144,54799872,1348000,50923309,1216104,139049566208,0,0,0,0,0,0,0,0,0,0,0,0,0,0,0
1,1024,prefill,14,1024,1024,37,mlp,"void at::vectorized_elementwise_kernel<4, at::<unnamed>::silu_kernel(at::TensorIteratorBase &)::[lambda() (instance 1)]::operator ()() const::[lambda() (instance 6)]::operator ()() const::[lambda(c10::BFloat16) (instance 1)], std::array<char *, 2>>(int, T2, T3)","(128, 1, 1)","(37888, 1, 1)",38821376,31415808,114848,1212745,1213377,0,0,0,0,0,0,0,0,0,0,0,0,0,0,0,0
1,1024,prefill,14,1024,1024,38,up_proj,void cutlass::Kernel2<cutlass_80_tensorop_bf16_s16816gemm_relu_bf16_256x128_32x3_tn_align8>(T1::Params),"(256, 1, 1)","(64, 10, 1)",143326336,54925568,1346560,50923355,1214342,139049566208,0,0,0,0,0,0,0,0,0,0,0,0,0,0,0
1,1024,prefill,14,1024,1024,39,mlp,"void at::vectorized_elementwise_kernel<4, at::BinaryFunctor<c10::BFloat16, c10::BFloat16, c10::BFloat16, binary_internal::MulFunctor<float>>, std::array<char *, 3>>(int, T2, T3)","(128, 1, 1)","(37888, 1, 1)",77607424,39922944,189696,2425306,1213859,0,0,0,0,0,0,0,0,0,0,0,0,0,0,0,0
1,1024,prefill,14,1024,1024,40,down_proj,void cutlass::Kernel2<cutlass_80_tensorop_bf16_s16816gemm_relu_bf16_128x256_32x3_tn_align8>(T1::Params),"(256, 1, 1)","(32, 4, 4)",190435712,16266240,1336608,51610658,919655,139049566208,0,0,0,0,0,0,0,0,0,0,0,0,0,0,0
1,1024,prefill,14,1024,1024,41,prefill_layer14,"void at::vectorized_elementwise_kernel<4, at::CUDAFunctor_add<c10::BFloat16>, std::array<char *, 3>>(int, T2, T3)","(128, 1, 1)","(7168, 1, 1)",11538944,0,18688,458891,229823,0,0,0,0,0,0,0,0,0,0,0,0,0,0,0,0
