target,reference_eligible,device_condition,batch,prompt_length,repeats,distinct_output_hashes,gpu_prefill_ms,gpu_prefill_ms_iqr,wall_prefill_ms,wall_prefill_ms_iqr,gpu_tpot_ms,gpu_tpot_ms_iqr,wall_tpot_ms,wall_tpot_ms_iqr,wall_sequence_ms,wall_sequence_ms_iqr,tokens_per_second,tokens_per_second_iqr,peak_allocated_gib,peak_allocated_gib_iqr,peak_reserved_gib,peak_reserved_gib_iqr
h200,False,Observed active thermal slowdown; diagnostic only,1,128,7,1,11.770784378051758,0.0922560691833496,11.797259969171137,0.0911649840418249,11.487429588560074,0.0149539160350009,11.511461003609591,0.015046482162905,738.4216340142302,0.8049545285757631,86.6713501500237,0.0943682348956116,14.241285800933838,0.0,14.255859375,0.0
h200,False,Observed active thermal slowdown; diagnostic only,1,1024,7,1,42.00505447387695,9.591215133666992,42.033065983559936,9.593904484063389,11.470318234156048,0.1095466613769531,11.494188637857045,0.1097469112931897,767.6484599942341,16.52814997942187,83.37149533326844,1.8171792611262845,14.411288738250732,0.0,14.4921875,0.0
h200,False,Observed active thermal slowdown; diagnostic only,1,4096,7,1,273.5063171386719,65.1221694946289,273.54294597171247,65.11697400128469,13.95153524005224,0.6869899204799115,13.976563191381356,0.686995449960083,1144.7598719969392,57.434654008829966,55.90692123786387,2.653340532036971,14.981181621551514,0.0,15.673828125,0.0
h200,False,Observed active thermal slowdown; diagnostic only,8,128,7,1,60.6118392944336,5.211647033691406,60.63757702941075,5.211983487242833,12.238194828941708,0.0924601857624338,12.262105871553697,0.0927979094235009,833.7030039983802,4.185226513072848,614.1275700633013,3.0969846185679444,14.410854816436768,0.0,15.673828125,0.0
h200,False,Observed active thermal slowdown; diagnostic only,8,1024,7,1,870.5722045898438,27.95635986328125,870.6065420410596,27.9485285282135,27.426689480978347,2.1076556160336466,27.451526126935192,2.1071485996741544,2608.252211997751,157.31248803786002,196.30003480677252,12.547528818431232,15.74147367477417,0.0,17.4140625,0.0
h200,False,Observed active thermal slowdown; diagnostic only,8,4096,7,1,3455.258544921875,195.6968994140625,3455.315949977376,195.7091464719269,79.86661759633867,4.595387322562075,79.89320138539557,4.595883403136014,8367.422578972764,306.13529149559326,61.18969075216185,2.246014712208705,20.313640117645264,0.0,25.669921875,0.0
h200,False,Observed active thermal slowdown; diagnostic only,16,128,7,1,204.69113159179688,4.198036193847656,204.7197159845382,4.198354028631002,18.079823266892205,0.5418625786190923,18.10462354120636,0.5421688861494509,1352.3258109926246,35.02653949544765,757.213972902263,20.22733296383035,14.59837007522583,0.0,25.669921875,0.0
h200,False,Observed active thermal slowdown; diagnostic only,16,1024,7,1,1767.13916015625,111.81805419921876,1767.1812219778076,111.82107802596876,46.52519286624969,1.9040798611111145,46.55077573215027,1.9035879439408203,4638.046981999651,112.912734010024,220.78258456073507,5.407179012857455,17.26503324508667,0.0,25.669921875,0.0
h200,False,Observed active thermal slowdown; diagnostic only,16,4096,7,1,6951.5419921875,70.397705078125,6951.626714027952,70.39609950152226,143.83882819281683,1.965654161241332,143.8652376527898,1.966438738958118,16027.266653021798,80.00198449008167,63.891118939294245,0.3188425748794259,26.407878398895264,0.0,39.55078125,0.0
h200,True,No active thermal slowdown observed in available records,1,128,7,1,11.567935943603516,0.078399658203125,11.591284011956304,0.0790549966040998,11.199048572116428,0.0612040701366609,11.222286927809437,0.0610599993720715,719.9699379852973,4.070516995852813,88.89260040369486,0.4998774299737647,14.241285800933838,0.0,14.255859375,0.0
h200,True,No active thermal slowdown observed in available records,1,1024,7,1,29.84761619567871,0.0490875244140625,29.87394196679816,0.0490524980705231,11.120467852032371,0.0359817232404449,11.143115597651414,0.0360475881727389,733.2733980147168,2.407235006103292,87.27986065398696,0.2859691469365089,14.411288738250732,0.0,14.4921875,0.0
h200,True,No active thermal slowdown observed in available records,1,4096,7,1,119.0815658569336,1.0182723999023438,119.10933098988608,1.0189394815824926,11.178133283342634,0.0223777180626285,11.200912174813094,0.0226376665985235,826.7771319951862,2.0224230247549717,77.4090108728027,0.1894768257348857,14.981181621551514,0.0,15.673828125,0.0
h200,True,No active thermal slowdown observed in available records,8,128,7,1,29.0262393951416,0.0381278991699218,29.053085017949343,0.0382599828299135,11.438393880450535,0.0319411414010186,11.461477967843946,0.0318571733909518,752.604232984595,2.0632500236388296,680.304438322871,1.861103412123839,14.410854816436768,0.0,15.673828125,0.0
h200,True,No active thermal slowdown observed in available records,8,1024,7,1,213.27833557128903,2.3035125732421875,213.3052819990553,2.304109977558255,14.294190679277692,0.0177564772348564,14.317332431563132,0.0176871928112909,1115.8223350066692,2.007877017604187,458.8544107220616,0.8252212194495883,15.74147367477417,0.0,17.4140625,0.0
h200,True,No active thermal slowdown observed in available records,8,4096,7,1,946.5800170898438,1.6015625,946.6135869733988,1.6183230327442288,30.590349227663072,0.0403618736872601,30.61415244167345,0.0395025667135726,2875.9074580157176,2.7140325109940022,178.03076332409643,0.167964806366001,20.313640117645264,0.0,25.669921875,0.0
h200,True,No active thermal slowdown observed in available records,16,128,7,1,53.70336151123047,0.4665756225585937,53.73037798563018,0.4676714888773858,11.50120785122826,0.0161828843374092,11.524353349130482,0.0163707762054876,781.7059240187518,1.0432275012135506,1309.95553255579,1.7483162812213775,14.59837007522583,0.0,25.669921875,0.0
h200,True,No active thermal slowdown observed in available records,16,1024,7,1,430.3870849609375,2.78515625,430.4152480326593,2.7849320031236857,20.31557125515408,0.0162351699102494,20.33918682256684,0.0169783620910308,1712.9213119624185,1.3530539872590452,597.8091304304273,0.471713970780911,17.26503324508667,0.0,25.669921875,0.0
h200,True,No active thermal slowdown observed in available records,16,4096,7,1,1898.47802734375,4.0228271484375,1898.511900973972,4.023658519145101,52.57988551306346,0.0460347977895594,52.60395045606568,0.0464509094377874,5214.236102008726,4.653006501030177,196.38543018900037,0.1753638255898408,26.407878398895264,0.0,39.55078125,0.0
h200,True,No active thermal slowdown observed in available records,1,128,7,1,12.350015640258787,0.108799934387207,12.383685912936926,0.1134283374994993,12.048986964755589,0.1941602570669989,12.07805560192182,0.1935039735620947,775.7990597747266,12.028287164866924,82.49558850791088,1.2704077357517178,14.241285800933838,0.0,14.255859375,0.0
h200,True,No active thermal slowdown observed in available records,1,1024,7,1,30.471359252929688,0.1589918136596679,30.50817269831896,0.1634233631193637,11.999835907466828,0.2522435718112525,12.025760013669256,0.2529711854304128,789.9181018583477,15.881418017670512,81.02105756208739,1.5954391474105023,14.411288738250732,0.0,14.4921875,0.0
h200,True,No active thermal slowdown observed in available records,1,4096,7,1,121.3323211669922,1.3214225769042969,121.3705730624497,1.324144657701254,11.888681139264788,0.0657803671700616,11.917493912199188,0.0643615226542202,874.7898917645216,4.900279687717557,73.16042469455934,0.4104020515763693,14.981181621551514,0.0,15.673828125,0.0
h200,True,No active thermal slowdown observed in available records,8,128,7,1,29.48419189453125,0.1176166534423828,29.522917233407497,0.1211469061672687,12.236257976955836,0.3061542132544144,12.261305499585374,0.3069112897806221,803.7130171433091,19.39327595755458,637.0433090903963,15.122777816743564,14.410854816436768,0.0,15.673828125,0.0
h200,True,No active thermal slowdown observed in available records,8,1024,7,1,217.9589691162109,1.2040481567382812,218.00767816603184,1.1976268142461777,14.84114590902177,0.1497447528536373,14.871128605649112,0.1503214986610501,1158.744238782674,9.356900583952664,441.85764456346703,3.5944019321226506,15.74147367477417,0.0,17.4140625,0.0
h200,True,No active thermal slowdown observed in available records,8,4096,7,1,958.9122924804688,2.1048583984375,958.9993651024996,2.1039678249508142,30.939822726779514,0.0684509125966883,30.972533120167636,0.0700607031051561,2913.069391157478,2.9236022382974625,175.75963056498358,0.1765182967194505,20.313640117645264,0.0,25.669921875,0.0
h200,True,No active thermal slowdown observed in available records,16,128,7,1,54.54515075683594,0.5539512634277344,54.57400903105736,0.5536419339478016,11.754524942428349,0.1795322251698312,11.777831271054252,0.1797669840651394,798.368982039392,10.95367269590497,1282.6149600454733,17.535452608799687,14.59837007522583,0.0,25.669921875,0.0
h200,True,No active thermal slowdown observed in available records,16,1024,7,1,436.1430969238281,2.092269897460937,436.1897469498217,2.0934182684868574,20.66814628479973,0.0907420355176178,20.69918908149241,0.0924907831682091,1743.1971430778503,5.3763610776513815,587.4263872369532,1.811325330346449,17.26503324508667,0.0,25.669921875,0.0
h200,True,No active thermal slowdown observed in available records,16,4096,7,1,1930.955078125,2.48944091796875,1931.019186973572,2.506782067939639,52.89780656118241,0.0814854758126415,52.93437610158608,0.083119941077058,5269.897924270481,4.532209364697337,194.31116403298336,0.1671659827520102,26.407878398895264,0.0,39.55078125,0.0
h200,True,No active thermal slowdown observed in available records,1,128,7,1,12.220864295959473,0.0760164260864257,12.25434197112918,0.0786043237894773,11.864460173107329,0.1883522518097393,11.893253100828993,0.1893732955472327,764.0030491165817,12.11926364339888,83.76929918539373,1.3170383980202305,14.241285800933838,0.0,14.255859375,0.0
h200,True,No active thermal slowdown observed in available records,1,1024,7,1,30.172351837158203,0.0904798507690429,30.208023730665445,0.0954738352447748,11.836234698219904,0.1885879834492989,11.86477407694809,0.1892650884295257,780.1846358925104,11.893814662471414,82.03186406867101,1.2643222581104965,14.411288738250732,0.0,14.4921875,0.0
h200,True,No active thermal slowdown observed in available records,1,4096,7,1,121.2142105102539,0.47296142578125,121.24996213242412,0.47122105024755,11.89513395703028,0.1986308400593106,11.923799320818883,0.198271469257417,874.1774507798254,12.16532476246357,73.21168024055947,0.9963462215050356,14.981181621551514,0.0,15.673828125,0.0
h200,True,No active thermal slowdown observed in available records,8,128,7,1,29.304895401000977,0.0862560272216796,29.34100897982717,0.0850474461913108,12.225400455414302,0.2736188570658378,12.253538298878878,0.2738474646494495,803.5157541744411,17.292883945629,637.1997031048207,13.741855704124646,14.410854816436768,0.0,15.673828125,0.0
h200,True,No active thermal slowdown observed in available records,8,1024,7,1,218.5152282714844,1.8917770385742188,218.5538737103343,1.8970153760164976,14.57325970180451,0.2196248826526456,14.603242773326144,0.219495978117699,1141.0849788226187,12.336884392425418,448.69576718842274,4.857598353417529,15.74147367477417,0.0,17.4140625,0.0
h200,True,No active thermal slowdown observed in available records,8,4096,7,1,958.1241455078124,3.77557373046875,958.1761392764748,3.778834594413638,30.71466815282428,0.0495065507434695,30.74936622694608,0.0495127520509193,2898.164597339928,7.851033471524715,176.66353404148876,0.4775876910251213,20.313640117645264,0.0,25.669921875,0.0
h200,True,No active thermal slowdown observed in available records,16,128,7,1,54.81398391723633,0.2799358367919922,54.85193012282252,0.2822454553097486,12.190641721089682,0.3169950757707855,12.219041630270937,0.3177313695824342,827.1489357575774,20.342099480330944,1237.9874478858255,29.796776570705788,14.59837007522583,0.0,25.669921875,0.0
h200,True,No active thermal slowdown observed in available records,16,1024,7,1,437.5694580078125,0.6699066162109375,437.6152721233666,0.6694924086332321,20.44525867038303,0.0712058052184119,20.478234212431644,0.0719562808554314,1729.9954099580646,4.974601091817021,591.909084906082,1.7036258213370274,17.26503324508667,0.0,25.669921875,0.0
h200,True,No active thermal slowdown observed in available records,16,4096,7,1,1930.958251953125,4.39556884765625,1931.0401398688557,4.395805997774005,52.71684107704768,0.0245913853721049,52.7529276330911,0.0244407870230176,5257.931265048683,4.65318257920444,194.75340174317,0.1723277929481526,26.407878398895264,0.0,39.55078125,0.0
h100,True,No active thermal slowdown observed in available records,1,128,7,1,12.083328247070312,0.0403523445129394,12.109686969779432,0.0408659689128398,11.518985127645823,0.0175212981208918,11.54127970360042,0.0174884362855838,740.7642009202391,1.1471479665488005,86.3972636913256,0.1336111146865448,14.241285800933838,0.0,14.255859375,0.0
h100,True,No active thermal slowdown observed in available records,1,1024,7,1,31.13395118713379,0.0316486358642578,31.160744023509324,0.0306195579469203,11.459450918530662,0.0254196666535868,11.480914885252124,0.025713092847063,755.9786509955302,1.592040003743023,84.65847536265731,0.1784295663313884,14.411288738250732,0.0,14.4921875,0.0
h100,True,No active thermal slowdown observed in available records,1,4096,7,1,126.26617431640624,0.4249267578125,126.29167991690338,0.4262899747118354,12.540183899894592,0.0632895893520775,12.562500889457407,0.0631505446065041,919.4866059115157,4.2982244631275535,69.60405903526437,0.3241906327035053,14.981181621551514,0.0,15.673828125,0.0
h100,True,No active thermal slowdown observed in available records,8,128,7,1,30.32147216796875,0.0310077667236328,30.3476540138945,0.0313344644382596,11.776219912937709,0.0148781897529719,11.797631347906732,0.0151591366230832,775.1874610548839,0.981605495326221,660.48539962613,0.8368002418086462,14.410854816436768,0.0,15.673828125,0.0
h100,True,No active thermal slowdown observed in available records,8,1024,7,1,224.47613525390625,0.9108505249023438,224.50428793672472,0.9125080541707576,16.041906780666775,0.007423060280935,16.06426549158872,0.0074763869171974,1238.1583079695702,1.3038755278103054,413.5173965271194,0.4355426422767436,15.74147367477417,0.0,17.4140625,0.0
h100,True,No active thermal slowdown observed in available records,8,4096,7,1,981.9113159179688,2.521881103515625,981.9482869934292,2.5201835087500517,32.009985091194274,0.4725235530308325,32.03264595238522,0.4736436734212574,3003.6382490070537,27.202094497624785,170.4599414291177,1.5306606760521788,20.313640117645264,0.0,25.669921875,0.0
h100,True,No active thermal slowdown observed in available records,16,128,7,1,57.381568908691406,0.7317428588867188,57.40782502107322,0.7319534779526293,12.530618395124163,0.0104167574927931,12.5525475900975,0.0104290490511758,849.9704620335251,1.387733907904476,1204.7477479983424,1.9672675320425697,14.59837007522583,0.0,25.669921875,0.0
h100,True,No active thermal slowdown observed in available records,16,1024,7,1,449.7570190429688,0.6787109375,449.81420901604,0.6810359773226082,22.143553597586497,0.0087245456756122,22.165745947628267,0.0088533824531467,1848.124839947559,1.0719930287450552,554.075124074982,0.3215044974496095,17.26503324508667,0.0,25.669921875,0.0
h100,True,No active thermal slowdown observed in available records,16,4096,7,1,1978.0396728515625,4.24456787109375,1978.079126100056,4.219872527755797,54.81967368958488,0.047716292123944,54.8424712744438,0.0478796400351626,5434.928721981123,3.674817038699985,188.4109346013161,0.1273964551302526,26.407878398895264,0.0,39.55078125,0.0
h100,True,No active thermal slowdown observed in available records,1,128,7,1,12.13593578338623,0.0500640869140625,12.162144994363189,0.0494419946335256,11.60985595460922,0.0490016785878992,11.632148085886406,0.0492456417146431,746.6438160045072,3.0744040268473327,85.7169089573142,0.353267641195444,14.241285800933838,0.0,14.255859375,0.0
h100,True,No active thermal slowdown observed in available records,1,1024,7,1,31.255199432373047,0.0259513854980468,31.281241914257407,0.0259429216384887,11.512674558730351,0.0162346627977161,11.534708141837092,0.0167197930360476,759.5684169791639,1.036437985021621,84.2583743206843,0.1150232269965414,14.411288738250732,0.0,14.4921875,0.0
h100,True,No active thermal slowdown observed in available records,1,4096,7,1,125.2267837524414,0.7369270324707031,125.25400798767804,0.7354659028351307,12.563591109381782,0.0519151611933619,12.58570167036461,0.0519145230230471,921.1706620408222,3.879408002831042,69.47681101589816,0.2927253800377514,14.981181621551514,0.0,15.673828125,0.0
h100,True,No active thermal slowdown observed in available records,8,128,7,1,30.3240966796875,0.0612945556640625,30.349962995387614,0.0626850523985922,11.792978332156228,0.0171832508511009,11.815146295472031,0.0171494976957387,776.2871059821919,0.9990034159272908,659.5497929238378,0.8490746033935466,14.410854816436768,0.0,15.673828125,0.0
h100,True,No active thermal slowdown observed in available records,8,1024,7,1,224.8203125,0.8411178588867188,224.8488130280748,0.8427620050497353,16.032379453144376,0.0086928624955433,16.054576464248672,0.008951733997538,1238.324970938265,0.5036454531364143,413.4617422856806,0.1681966328446265,15.74147367477417,0.0,17.4140625,0.0
h100,True,No active thermal slowdown observed in available records,8,4096,7,1,983.1677856445312,2.449737548828125,983.1992860417812,2.4490320356562734,32.50363552759564,0.0718888933696462,32.52733146424391,0.0729349512045089,3032.394637935795,3.4595055039972067,168.84345909163312,0.1927352134561033,20.313640117645264,0.0,25.669921875,0.0
h100,True,No active thermal slowdown observed in available records,16,128,7,1,57.2977294921875,0.1638107299804687,57.32412706129253,0.1636469969525933,12.46113115643698,0.0150006082322864,12.48318358834478,0.0150136082314897,845.2052129432559,0.85107097402215,1211.540090286627,1.2191952139971818,14.59837007522583,0.0,25.669921875,0.0
h100,True,No active thermal slowdown observed in available records,16,1024,7,1,450.0086059570313,1.52288818359375,450.0330269802362,1.524268474895507,22.126933839586044,0.0057314464024145,22.14970256364535,0.0056013998959834,1846.9530739821491,2.1991919493302703,554.4266470139332,0.6598266994664073,17.26503324508667,0.0,25.669921875,0.0
h100,True,No active thermal slowdown observed in available records,16,4096,7,1,1974.6142578125,9.80926513671875,1974.649982061237,9.81124903773889,54.81027675810314,0.0440437680198968,54.83373646099594,0.0436743240921799,5431.042932905257,9.387003490701318,188.5457383877145,0.325642918980833,26.407878398895264,0.0,39.55078125,0.0
rtx4080,True,No active thermal slowdown observed in available records,1,128,7,1,30.92169570922852,0.02899169921875,30.9535499982303,0.0278500010608695,24.30969852871365,0.010379866948206,24.335551427655098,0.0156685715727888,1566.2136199971428,1.0963349996018223,40.86288050548095,0.0285976871240833,14.217970371246338,0.0,14.244140625,0.0
rtx4080,True,No active thermal slowdown observed in available records,1,1024,7,1,150.96937561035156,0.027130126953125,151.0071000084281,0.0256500061368569,25.22355052403041,0.0251030997624468,25.25000237986364,0.032734285115211,1743.9878300065177,2.291605000209529,36.69750378920983,0.0482130396191138,14.387973308563232,0.0,14.517578125,0.0
rtx4080,True,No active thermal slowdown observed in available records,1,4096,7,1,653.7399291992188,0.104949951171875,653.7942200084217,0.1056049950420856,28.50470951625279,0.0051002653818272,28.53131349201292,0.0051168263159944,2453.440600002068,0.2279600012116134,26.08581597612188,0.0024235892110411,14.957866191864014,0.0,15.09375,0.0
rtx4080,True,No active thermal slowdown observed in available records,8,128,7,1,149.08006286621094,0.0772628784179687,149.1162099991925,0.0797299944679252,27.887073486570326,0.0055256192646311,27.912694286362875,0.0075126194537418,1909.9051600060195,0.606565001362469,268.07613839756647,0.0851365010302629,14.387539386749268,0.0,14.517578125,0.0
rtx4080,True,No active thermal slowdown observed in available records,16,128,7,1,295.96978759765625,0.02813720703125,296.0098400071729,0.0299499952234327,30.03864884754968,0.0123921197558232,30.06492841306017,0.0150991274119682,2192.3185999912675,0.9879450008156708,467.0853953454023,0.2104355790629597,14.57505464553833,0.0,14.857421875,0.0
rtx4080,True,No active thermal slowdown observed in available records,1,128,7,1,30.902271270751957,0.0467195510864257,30.92828000080772,0.0470049999421462,24.303043123275515,0.0488919000776988,24.328989999337374,0.0480694447076786,1565.849819991854,2.9829199993400835,40.87237433812966,0.0778091109390501,14.217970371246338,0.0,14.244140625,0.0
rtx4080,True,No active thermal slowdown observed in available records,1,1024,7,1,151.00518798828125,0.0403213500976562,151.03553999506403,0.0373549992218613,25.205411517430864,0.0077505263071202,25.231491269854207,0.0079581747293531,1742.889759989339,0.5348900012904778,36.720624258181125,0.0112701162454911,14.387973308563232,0.0,14.517578125,0.0
rtx4080,True,No active thermal slowdown observed in available records,1,4096,7,1,655.0054931640625,1.3541259765625,655.0566900114063,1.356070002657361,28.494352704002743,0.0140615947662858,28.5199022226383,0.0146484122120007,2453.982100007124,2.256069994473364,26.08005983410156,0.023976246510255,14.957866191864014,0.0,15.09375,0.0
rtx4080,True,No active thermal slowdown observed in available records,8,128,7,1,149.18447875976562,0.0968170166015625,149.21401000174228,0.0966650040936656,27.868855279589457,0.0110954405769483,27.89402507995773,0.0108724586122335,1908.787160005886,0.5682299961335957,268.2331538726513,0.079848578318888,14.387539386749268,0.0,14.517578125,0.0
rtx4080,True,No active thermal slowdown observed in available records,16,128,7,1,295.806884765625,0.02593994140625,295.8493299956899,0.028724993171636,30.01804497128441,0.0178574607485799,30.04454872949744,0.0189025393208588,2190.8863199932966,1.323649994446896,467.39074987840223,0.2824491865816299,14.57505464553833,0.0,14.857421875,0.0
