target,name,memory_gib,sm_cu,l2_mib,power_limit
v100-16,Tesla V100-SXM2-16GB,15.7657470703125,80,6.0,300.00 W
v100-32,Tesla V100-SXM2-32GB,31.7325439453125,80,6.0,300.00 W
v100-32-pcie,Tesla V100-PCIE-32GB,31.7325439453125,80,6.0,250.00 W
a100,NVIDIA A100-SXM4-80GB,79.249755859375,108,40.0,500.00 W
h100,NVIDIA H100 80GB HBM3,79.1787109375,132,50.0,700.00 W
h200,NVIDIA H200,139.80072021484375,132,60.0,700.00 W
h200-mig,NVIDIA H200 MIG 3g.71gb,69.75,60,29.375,700.00 W
b300,NVIDIA B300 SXM6 AC,267.68878173828125,148,126.5,1100.00 W
gh200,NVIDIA GH200 144G HBM3e,142.75,132,60.0,900.00 W
mi100,AMD Instinct MI100,31.984375,120,8.0,see ROCm raw telemetry
mi210,AMD Instinct MI210,63.984375,104,8.0,see ROCm raw telemetry
rtx4080,NVIDIA GeForce RTX 4080,15.5718994140625,76,64.0,320.00 W
