target,batch,prompt_length,phase,layer,module,query_tokens,kv_tokens,kernel_count,dram_bytes,l2_bytes,profiled_kernel_ns,nominal_flops,nominal_flops_per_dram_byte,nominal_tflops,measured_gb_s,bf16_tensor_ops
h200,1,1024,decode,14,input_norm,1,1029,8,135168.0,256224.0,19904.0,,,,6.790996784565916,0.0
h200,1,1024,decode,14,q_proj,1,1029,2,25962496.0,26027104.0,16928.0,25690112.0,0.9895085588072888,1.517610586011342,1533.7013232514178,1644167168.0
h200,1,1024,decode,14,k_proj,1,1029,1,3693056.0,6121632.0,6848.0,3670016.0,0.9937612643837516,0.5359252336448598,539.2897196261682,0.0
h200,1,1024,decode,14,v_proj,1,1029,1,3692800.0,6048096.0,7072.0,3670016.0,0.9938301559792028,0.5189502262443438,522.1719457013575,0.0
h200,1,1024,decode,14,attention,1,1029,16,18394112.0,57915488.0,77088.0,,,,238.6118721461187,1056964608.0
h200,1,1024,decode,14,o_proj,1,1029,1,25716992.0,28116416.0,16480.0,25690112.0,0.9989547766706152,1.5588660194174755,1560.4970873786408,0.0
h200,1,1024,decode,14,decode_layer14,1,1029,2,9728.0,69504.0,4768.0,,,,2.040268456375839,0.0
h200,1,1024,decode,14,post_norm,1,1029,8,138240.0,255040.0,19264.0,,,,7.176079734219269,0.0
h200,1,1024,decode,14,gate_proj,1,1029,1,140383744.0,220777024.0,42176.0,135790592.0,0.967281453898252,3.2196176024279213,3328.522003034901,8690597888.0
h200,1,1024,decode,14,mlp,1,1029,2,89600.0,261472.0,5600.0,,,,16.0,0.0
h200,1,1024,decode,14,up_proj,1,1029,1,140439552.0,220779392.0,41728.0,135790592.0,0.9668970746930324,3.2541840490797544,3365.59509202454,8690597888.0
h200,1,1024,decode,14,down_proj,1,1029,1,144635136.0,224545792.0,43744.0,135790592.0,0.9388492710374332,3.1042106803218728,3306.3994147768835,8690597888.0
h200,1,1024,prefill,14,input_norm,1024,1024,8,79183104.0,184762272.0,72736.0,,,,1088.6370435547735,0.0
h200,1,1024,prefill,14,q_proj,1024,1024,1,41761024.0,156680992.0,42080.0,26306674688.0,629.9336598642792,625.1586190114068,992.4197718631178,26306674688.0
h200,1,1024,prefill,14,k_proj,1024,1024,1,11064064.0,42912192.0,15744.0,3758096384.0,339.6669057590412,238.7002276422764,702.7479674796748,4227858432.0
h200,1,1024,prefill,14,v_proj,1024,1024,1,11065856.0,42900704.0,15552.0,3758096384.0,339.6119002452228,241.64714403292183,711.5390946502058,4227858432.0
h200,1,1024,prefill,14,attention,1024,1024,15,88531968.0,315765824.0,194944.0,,,,454.1405121470781,8455716864.0
h200,1,1024,prefill,14,o_proj,1024,1024,1,47947776.0,133507360.0,42272.0,26306674688.0,548.6526567572186,622.3191400454201,1134.2679788039363,26306674688.0
h200,1,1024,prefill,14,prefill_layer14,1024,1024,2,26959104.0,59400608.0,14528.0,,,,1855.6651982378853,0.0
h200,1,1024,prefill,14,post_norm,1024,1024,8,79200768.0,185027328.0,73184.0,,,,1082.214254481854,0.0
h200,1,1024,prefill,14,gate_proj,1024,1024,1,198426368.0,973380256.0,188320.0,139049566208.0,700.761534918585,738.3685546304164,1053.6659303313509,139049566208.0
h200,1,1024,prefill,14,mlp,1024,1024,2,199216640.0,291317408.0,58304.0,,,,3416.860592755214,0.0
h200,1,1024,prefill,14,up_proj,1024,1024,1,198862592.0,973471232.0,188704.0,139049566208.0,699.224347875341,736.8660240800408,1053.8334746481262,139049566208.0
h200,1,1024,prefill,14,down_proj,1024,1024,1,187638784.0,690193536.0,194752.0,139049566208.0,741.0491756757494,713.9827380874137,963.4755175813342,139049566208.0
h200,8,1024,decode,14,input_norm,1,1029,8,150272.0,1582208.0,25408.0,,,,5.914357682619648,0.0
h200,8,1024,decode,14,q_proj,1,1029,1,25852416.0,29265952.0,13792.0,205520896.0,7.949775216366625,14.901457076566125,1874.4501160092807,1644167168.0
h200,8,1024,decode,14,k_proj,1,1029,2,3869952.0,4837728.0,11168.0,29360128.0,7.586690480915526,2.628951289398281,346.5214899713467,58720256.0
h200,8,1024,decode,14,v_proj,1,1029,2,3869440.0,4835904.0,10976.0,29360128.0,7.587694343367516,2.674938775510204,352.536443148688,58720256.0
h200,8,1024,decode,14,attention,1,1029,15,269699072.0,551524032.0,262848.0,,,,1026.064767470173,15971909632.0
h200,8,1024,decode,14,o_proj,1,1029,2,26127872.0,28479040.0,15872.0,205520896.0,7.865963825909741,12.948645161290322,1646.1612903225807,1644167168.0
h200,8,1024,decode,14,decode_layer14,1,1029,2,9728.0,468672.0,4832.0,,,,2.013245033112583,0.0
h200,8,1024,decode,14,post_norm,1,1029,8,151040.0,1582048.0,24672.0,,,,6.121919584954604,0.0
h200,8,1024,decode,14,gate_proj,1,1029,1,140528640.0,221240480.0,43520.0,1086324736.0,7.730272889568988,24.961505882352935,3229.058823529412,8690597888.0
h200,8,1024,decode,14,mlp,1,1029,2,13312.0,2110496.0,5056.0,,,,2.632911392405063,0.0
h200,8,1024,decode,14,up_proj,1,1029,1,140524288.0,221221632.0,42240.0,1086324736.0,7.730512294074032,25.71791515151515,3326.806060606061,8690597888.0
h200,8,1024,decode,14,down_proj,1,1029,1,144792576.0,224855808.0,44256.0,1086324736.0,7.502627317024872,24.546383224873463,3271.704989154013,8690597888.0
h200,8,1024,prefill,14,input_norm,1024,1024,8,1069934848.0,1588695264.0,386432.0,,,,2768.7532295462074,0.0
h200,8,1024,prefill,14,q_proj,1024,1024,1,247001344.0,1249175008.0,286592.0,210453397504.0,852.0334104092972,734.3310263510496,861.8570790531487,210453397504.0
h200,8,1024,prefill,14,k_proj,1024,1024,1,73300224.0,288753568.0,44128.0,30064771072.0,410.1593341924849,681.3082639593908,1661.0819434372734,30064771072.0
h200,8,1024,prefill,14,v_proj,1024,1024,1,73437440.0,290172032.0,44448.0,30064771072.0,409.39296184616455,676.403236861051,1652.2102231821457,30064771072.0
h200,8,1024,prefill,14,attention,1024,1024,15,1321552128.0,2701246080.0,1088288.0,,,,1214.3404392954806,67645734912.0
h200,8,1024,prefill,14,o_proj,1024,1024,1,275269888.0,1509845120.0,276192.0,210453397504.0,764.5347590797871,761.9822351987024,996.6613370408992,210453397504.0
h200,8,1024,prefill,14,prefill_layer14,1024,1024,2,366835200.0,528290400.0,90624.0,,,,4047.8813559322034,0.0
h200,8,1024,prefill,14,post_norm,1024,1024,8,1069434368.0,1587829504.0,387328.0,,,,2761.0561797752807,0.0
h200,8,1024,prefill,14,gate_proj,1024,1024,1,1391593472.0,6482246496.0,1456608.0,1112396529664.0,799.3688904456143,763.6897021463565,955.3658032909334,1112396529664.0
h200,8,1024,prefill,14,mlp,1024,1024,2,1561082880.0,2327992640.0,407136.0,,,,3834.303230370196,0.0
h200,8,1024,prefill,14,up_proj,1024,1024,1,1390990592.0,6480483264.0,1458144.0,1112396529664.0,799.7153511042583,762.885236069963,953.9459696710338,1112396529664.0
h200,8,1024,prefill,14,down_proj,1024,1024,1,1346843392.0,9666541984.0,1367936.0,1112396529664.0,825.9286389727486,813.1934020772901,984.5807055300832,1112396529664.0
h200,8,4096,decode,14,input_norm,1,4101,8,728576.0,1717600.0,32000.0,,,,22.768,0.0
h200,8,4096,decode,14,q_proj,1,4101,1,25803008.0,29091968.0,12832.0,205520896.0,7.964997569275644,16.016279301745634,2010.832917705736,1644167168.0
h200,8,4096,decode,14,k_proj,1,4101,2,3870208.0,4838816.0,10432.0,29360128.0,7.586188649292234,2.8144294478527607,370.9938650306749,58720256.0
h200,8,4096,decode,14,v_proj,1,4101,2,3869696.0,4853632.0,10336.0,29360128.0,7.587192378936226,2.8405696594427243,374.39009287925694,58720256.0
h200,8,4096,decode,14,attention,1,4101,15,1084329728.0,2198248672.0,885184.0,,,,1224.9766466632925,61069066240.0
h200,8,4096,decode,14,o_proj,1,4101,2,26045184.0,27641728.0,15072.0,205520896.0,7.890936612311896,13.635940552016988,1728.0509554140128,1644167168.0
h200,8,4096,decode,14,decode_layer14,1,4101,2,237056.0,535456.0,4864.0,,,,48.73684210526316,0.0
h200,8,4096,decode,14,post_norm,1,4101,8,724480.0,1685696.0,30720.0,,,,23.58333333333333,0.0
h200,8,4096,decode,14,gate_proj,1,4101,1,138527232.0,221286656.0,40864.0,1086324736.0,7.84195800577319,26.583906029757244,3389.95771339076,8690597888.0
h200,8,4096,decode,14,mlp,1,4101,2,918272.0,1995136.0,5312.0,,,,172.86746987951807,0.0
h200,8,4096,decode,14,up_proj,1,4101,1,138519296.0,221276768.0,41824.0,1086324736.0,7.842407284541787,25.9737169089518,3311.9571537872994,8690597888.0
h200,8,4096,decode,14,down_proj,1,4101,1,138644992.0,224905248.0,42400.0,1086324736.0,7.835297332629223,25.62086641509434,3269.929056603773,8690597888.0
h200,8,4096,prefill,14,input_norm,4096,4096,8,4198064128.0,6349597792.0,1450880.0,,,,2893.46060873401,0.0
h200,8,4096,prefill,14,q_proj,4096,4096,1,887103488.0,4942191648.0,1103328.0,841813590016.0,948.9463195707782,762.9767304156153,804.0251747440471,841813590016.0
h200,8,4096,prefill,14,k_proj,4096,4096,1,286017024.0,939217408.0,173984.0,120259084288.0,420.4612809620731,691.2077219054626,1643.9271657163877,120259084288.0
h200,8,4096,prefill,14,v_proj,4096,4096,1,281345792.0,933241472.0,173024.0,120259084288.0,427.4422710683372,695.0427934159424,1626.05067505086,120259084288.0
h200,8,4096,prefill,14,attention,4096,4096,15,5231855872.0,17981835392.0,6046304.0,,,,865.2981841468771,992137445376.0
h200,8,4096,prefill,14,o_proj,4096,4096,1,963200000.0,5917840320.0,1072704.0,841813590016.0,873.9759032558139,784.7585074876201,897.9177853350038,841813590016.0
h200,8,4096,prefill,14,prefill_layer14,4096,4096,2,1381525248.0,2113630240.0,324064.0,,,,4263.124716105461,0.0
h200,8,4096,prefill,14,post_norm,4096,4096,8,4198129920.0,6351227264.0,1447776.0,,,,2899.7095683310126,0.0
h200,8,4096,prefill,14,gate_proj,4096,4096,1,5488194560.0,25901547168.0,5781088.0,4449586118656.0,810.7558997791798,769.6797071167227,949.335931229554,4449586118656.0
h200,8,4096,prefill,14,mlp,4096,4096,2,6217476608.0,9309971520.0,1606144.0,,,,3871.0580172138975,0.0
h200,8,4096,prefill,14,up_proj,4096,4096,1,5489711360.0,25915198848.0,5790080.0,4449586118656.0,810.5318889946155,768.4843937658892,948.1235768763124,4449586118656.0
h200,8,4096,prefill,14,down_proj,4096,4096,1,8233516800.0,37178343776.0,5566880.0,4449586118656.0,540.4235184964947,799.2962159514846,1479.0181933147471,4449586118656.0
h100,1,1024,decode,14,input_norm,1,1029,8,137472.0,251264.0,24480.0,,,,5.615686274509804,0.0
h100,1,1024,decode,14,q_proj,1,1029,2,26510848.0,26815200.0,19648.0,25690112.0,0.9690415033121536,1.307517915309446,1349.2899022801305,1644167168.0
h100,1,1024,decode,14,k_proj,1,1029,1,3692544.0,6280384.0,7776.0,3670016.0,0.9938990571270104,0.4719670781893004,474.8641975308642,0.0
h100,1,1024,decode,14,v_proj,1,1029,1,3697152.0,6264000.0,7840.0,3670016.0,0.9926602963578453,0.4681142857142857,471.5755102040816,0.0
h100,1,1024,decode,14,attention,1,1029,16,18405120.0,57962880.0,85536.0,,,,215.1739618406285,1056964608.0
h100,1,1024,decode,14,o_proj,1,1029,1,26032384.0,28527392.0,17984.0,25690112.0,0.986852068561988,1.4284982206405694,1447.5302491103205,0.0
h100,1,1024,decode,14,decode_layer14,1,1029,2,9472.0,67424.0,5248.0,,,,1.804878048780488,0.0
h100,1,1024,decode,14,post_norm,1,1029,8,136192.0,248256.0,25120.0,,,,5.421656050955414,0.0
h100,1,1024,decode,14,gate_proj,1,1029,1,140538880.0,220764960.0,52640.0,135790592.0,0.9662137054173194,2.5796085106382978,2669.811550151976,8690597888.0
h100,1,1024,decode,14,mlp,1,1029,2,89856.0,264256.0,7008.0,,,,12.821917808219178,0.0
h100,1,1024,decode,14,up_proj,1,1029,1,140544512.0,220787424.0,55008.0,135790592.0,0.9661749866120708,2.4685607911576497,2554.983129726585,8690597888.0
h100,1,1024,decode,14,down_proj,1,1029,1,144778752.0,224682368.0,58336.0,135790592.0,0.9379179618843516,2.3277323093801425,2481.8080087767416,8690597888.0
h100,1,1024,prefill,14,input_norm,1024,1024,8,89725952.0,188796736.0,81408.0,,,,1102.1761006289307,0.0
h100,1,1024,prefill,14,q_proj,1024,1024,1,44348928.0,159658560.0,43424.0,26306674688.0,593.1749847031252,605.80956816507,1021.2999263080324,26306674688.0
h100,1,1024,prefill,14,k_proj,1024,1024,1,11101440.0,42905824.0,16416.0,3758096384.0,338.52332526230833,228.92887329434697,676.2573099415205,4227858432.0
h100,1,1024,prefill,14,v_proj,1024,1024,1,11065344.0,42901312.0,16800.0,3758096384.0,339.6276142883583,223.69621333333336,658.6514285714286,4227858432.0
h100,1,1024,prefill,14,attention,1024,1024,15,93202176.0,316237312.0,204704.0,,,,455.3021728935439,8455716864.0
h100,1,1024,prefill,14,o_proj,1024,1024,1,53901056.0,145800192.0,44736.0,26306674688.0,488.0549035625573,588.0426208869814,1204.8698140200286,26306674688.0
h100,1,1024,prefill,14,prefill_layer14,1024,1024,2,28482048.0,61825504.0,16704.0,,,,1705.103448275862,0.0
h100,1,1024,prefill,14,post_norm,1024,1024,8,89753088.0,187964512.0,82432.0,,,,1088.8136645962734,0.0
h100,1,1024,prefill,14,gate_proj,1024,1024,1,203961088.0,977102176.0,192928.0,139049566208.0,681.7455602511789,720.7329480842594,1057.1875932990545,139049566208.0
h100,1,1024,prefill,14,mlp,1024,1024,2,196454912.0,291252256.0,74016.0,,,,2654.222222222222,0.0
h100,1,1024,prefill,14,up_proj,1024,1024,1,202911232.0,976450272.0,192224.0,139049566208.0,685.2728892208391,723.372556017979,1055.5978025636755,139049566208.0
h100,1,1024,prefill,14,down_proj,1024,1024,1,187776000.0,690097376.0,197408.0,139049566208.0,740.5076591683709,704.3765511428109,951.2076511590208,139049566208.0
h100,8,1024,decode,14,input_norm,1,1029,8,151040.0,1604096.0,28608.0,,,,5.279642058165548,0.0
h100,8,1024,decode,14,q_proj,1,1029,1,26110464.0,30035296.0,15296.0,205520896.0,7.871208110280997,13.436251046025106,1707.0125523012553,1644167168.0
h100,8,1024,decode,14,k_proj,1,1029,2,3870208.0,4853120.0,12704.0,29360128.0,7.586188649292234,2.3110931989924435,304.6448362720403,58720256.0
h100,8,1024,decode,14,v_proj,1,1029,2,3870208.0,4821504.0,12672.0,29360128.0,7.586188649292234,2.316929292929293,305.4141414141414,58720256.0
h100,8,1024,decode,14,attention,1,1029,15,272268544.0,552887776.0,272032.0,,,,1000.86954475944,15971909632.0
h100,8,1024,decode,14,o_proj,1,1029,2,26978560.0,33254016.0,18976.0,205520896.0,7.617934241115907,10.830569983136591,1421.7200674536257,1644167168.0
h100,8,1024,decode,14,decode_layer14,1,1029,2,9216.0,473216.0,5408.0,,,,1.7041420118343196,0.0
h100,8,1024,decode,14,post_norm,1,1029,8,150784.0,1590112.0,28800.0,,,,5.235555555555556,0.0
h100,8,1024,decode,14,gate_proj,1,1029,1,140937728.0,221302304.0,55808.0,1086324736.0,7.707834881515899,19.465394495412845,2525.4036697247707,8690597888.0
h100,8,1024,decode,14,mlp,1,1029,2,14336.0,2128576.0,6624.0,,,,2.1642512077294684,0.0
h100,8,1024,decode,14,up_proj,1,1029,1,140762880.0,221278720.0,55488.0,1086324736.0,7.717409135135627,19.57765167243368,2536.81660899654,8690597888.0
h100,8,1024,decode,14,down_proj,1,1029,1,144990464.0,224974848.0,57472.0,1086324736.0,7.492387471771937,18.90180846325167,2522.801781737194,8690597888.0
h100,8,1024,prefill,14,input_norm,1024,1024,8,1064041984.0,1587605824.0,462272.0,,,,2301.7660251972866,0.0
h100,8,1024,prefill,14,q_proj,1024,1024,1,251861504.0,1253670656.0,291264.0,210453397504.0,835.5917603986038,722.5520404306745,864.7189628653043,210453397504.0
h100,8,1024,prefill,14,k_proj,1024,1024,1,73342976.0,289829248.0,46624.0,30064771072.0,409.9202501954652,644.8346575154427,1573.073438572409,30064771072.0
h100,8,1024,prefill,14,v_proj,1024,1024,1,73416704.0,288152864.0,46816.0,30064771072.0,409.50859183218034,642.1900861244019,1568.1968557758032,30064771072.0
h100,8,1024,prefill,14,attention,1024,1024,15,1330608128.0,2705624512.0,1118624.0,,,,1189.504362502503,67645734912.0
h100,8,1024,prefill,14,o_proj,1024,1024,1,300628224.0,1542910688.0,284544.0,210453397504.0,700.0453739965546,739.6163598740441,1056.5263157894738,210453397504.0
h100,8,1024,prefill,14,prefill_layer14,1024,1024,2,359166720.0,528378688.0,122368.0,,,,2935.1359832635985,0.0
h100,8,1024,prefill,14,post_norm,1024,1024,8,1064313600.0,1589553504.0,463040.0,,,,2298.5348997926744,0.0
h100,8,1024,prefill,14,gate_proj,1024,1024,1,1413365504.0,6490619040.0,1498624.0,1112396529664.0,787.0551011155852,742.2786033481381,943.1088144858217,1112396529664.0
h100,8,1024,prefill,14,mlp,1024,1024,2,1557003264.0,2328661248.0,528416.0,,,,2946.548295282505,0.0
h100,8,1024,prefill,14,up_proj,1024,1024,1,1414020096.0,6490848896.0,1493312.0,1112396529664.0,786.6907498774332,744.9190321004586,946.9019843140616,1112396529664.0
h100,8,1024,prefill,14,down_proj,1024,1024,1,1346109440.0,9722670496.0,1400288.0,1112396529664.0,826.3789678675755,794.4055291939943,961.3089878653534,1112396529664.0
h100,8,4096,decode,14,input_norm,1,4101,8,675840.0,1709984.0,34144.0,,,,19.79381443298969,0.0
h100,8,4096,decode,14,q_proj,1,4101,1,25837824.0,29121632.0,16000.0,205520896.0,7.954264879271567,12.845056,1614.864,1644167168.0
h100,8,4096,decode,14,k_proj,1,4101,2,3870720.0,4852832.0,11584.0,29360128.0,7.5851851851851855,2.5345414364640884,334.1436464088398,58720256.0
h100,8,4096,decode,14,v_proj,1,4101,2,3873536.0,4848544.0,11616.0,29360128.0,7.579670874363889,2.5275592286501376,333.465564738292,58720256.0
h100,8,4096,decode,14,attention,1,4101,15,1096771072.0,2198485632.0,891872.0,,,,1229.7404470596678,61069066240.0
h100,8,4096,decode,14,o_proj,1,4101,2,26105344.0,27840928.0,18048.0,205520896.0,7.872751877929669,11.3874609929078,1446.4397163120568,1644167168.0
h100,8,4096,decode,14,decode_layer14,1,4101,2,216576.0,535104.0,5856.0,,,,36.98360655737705,0.0
h100,8,4096,decode,14,post_norm,1,4101,8,697088.0,1703968.0,35296.0,,,,19.749773345421577,0.0
h100,8,4096,decode,14,gate_proj,1,4101,1,138764544.0,221324128.0,53152.0,1086324736.0,7.828546865689264,20.43807826610476,2610.7116195063213,8690597888.0
h100,8,4096,decode,14,mlp,1,4101,2,918528.0,2005056.0,6592.0,,,,139.3398058252427,0.0
h100,8,4096,decode,14,up_proj,1,4101,1,138799360.0,221305088.0,53504.0,1086324736.0,7.8265831773287715,20.30361722488038,2594.186602870813,8690597888.0
h100,8,4096,decode,14,down_proj,1,4101,1,138821632.0,225022624.0,54688.0,1086324736.0,7.82532751091703,19.86404212990053,2538.4294909303685,8690597888.0
h100,8,4096,prefill,14,input_norm,4096,4096,8,4197402112.0,6347111008.0,1744192.0,,,,2406.5023300187136,0.0
h100,8,4096,prefill,14,q_proj,4096,4096,1,986258944.0,5045029216.0,1136256.0,841813590016.0,853.542160643767,740.8661340542976,867.9900867410161,841813590016.0
h100,8,4096,prefill,14,k_proj,4096,4096,1,302651136.0,946002464.0,177120.0,120259084288.0,397.3521655243349,678.9695364046974,1708.7349593495935,120259084288.0
h100,8,4096,prefill,14,v_proj,4096,4096,1,302390016.0,946661056.0,176128.0,120259084288.0,397.6952872941413,682.7936744186047,1716.876453488372,120259084288.0
h100,8,4096,prefill,14,attention,4096,4096,15,5377604096.0,18063591264.0,6100160.0,,,,881.5513193096574,992137445376.0
h100,8,4096,prefill,14,o_proj,4096,4096,1,1038156288.0,5960630624.0,1104704.0,841813590016.0,810.8736610725032,762.0263799316377,939.7596894733792,841813590016.0
h100,8,4096,prefill,14,prefill_layer14,4096,4096,2,1379300352.0,2114664064.0,447520.0,,,,3082.097676081516,0.0
h100,8,4096,prefill,14,post_norm,4096,4096,8,4196989184.0,6351131840.0,1741280.0,,,,2410.289662776808,0.0
h100,8,4096,prefill,14,gate_proj,4096,4096,1,5590180864.0,25958332928.0,5973248.0,4449586118656.0,795.9646077483335,744.9190321004586,935.8695409934428,4449586118656.0
h100,8,4096,prefill,14,mlp,4096,4096,2,6213432064.0,9312868064.0,2083584.0,,,,2982.088585821354,0.0
h100,8,4096,prefill,14,up_proj,4096,4096,1,5587215872.0,25954820512.0,5964064.0,4449586118656.0,796.3870057276355,746.0661251549279,936.8135338587916,4449586118656.0
h100,8,4096,prefill,14,down_proj,4096,4096,1,9246020096.0,37831079360.0,5744448.0,4449586118656.0,481.24339688391694,774.5889802912308,1609.557627817329,4449586118656.0
rtx4080,1,1024,decode,14,input_norm,1,1029,8,119424.0,184896.0,13888.0,,,,8.599078341013826,0.0
rtx4080,1,1024,decode,14,q_proj,1,1029,1,25727232.0,26330400.0,41472.0,25690112.0,0.9985571708608216,0.6194567901234568,620.3518518518518,0.0
rtx4080,1,1024,decode,14,k_proj,1,1029,1,3691904.0,4237408.0,7904.0,3670016.0,0.9940713518011304,0.4643238866396761,467.0931174089069,0.0
rtx4080,1,1024,decode,14,v_proj,1,1029,1,3693440.0,4240288.0,7936.0,3670016.0,0.9936579448968984,0.4624516129032258,465.4032258064516,0.0
rtx4080,1,1024,decode,14,attention,1,1029,16,19226624.0,48520928.0,84640.0,,,,227.15765595463137,1056964608.0
rtx4080,1,1024,decode,14,o_proj,1,1029,1,25712512.0,26323520.0,40960.0,25690112.0,0.9991288287974353,0.6272000000000001,627.746875,0.0
rtx4080,1,1024,decode,14,decode_layer14,1,1029,2,8704.0,56960.0,3136.0,,,,2.7755102040816326,0.0
rtx4080,1,1024,decode,14,post_norm,1,1029,8,119680.0,192032.0,13888.0,,,,8.617511520737327,0.0
rtx4080,1,1024,decode,14,gate_proj,1,1029,1,135816576.0,137004960.0,204160.0,135790592.0,0.9998086831463048,0.6651184952978056,665.2457680250784,0.0
rtx4080,1,1024,decode,14,mlp,1,1029,2,88832.0,203840.0,3552.0,,,,25.00900900900901,0.0
rtx4080,1,1024,decode,14,up_proj,1,1029,1,135816960.0,136900448.0,204192.0,135790592.0,0.9998058563525498,0.6650142610876039,665.1433944522802,0.0
rtx4080,1,1024,decode,14,down_proj,1,1029,1,135853696.0,141441376.0,205760.0,135790592.0,0.9995355003076252,0.659946500777605,660.2531881804043,0.0
rtx4080,1,1024,prefill,14,input_norm,1024,1024,8,73558016.0,133110272.0,131232.0,,,,560.5188978297977,0.0
rtx4080,1,1024,prefill,14,q_proj,1024,1024,1,33081728.0,431976640.0,257280.0,26306674688.0,795.202556770916,102.24920199004976,128.58258706467663,26306674688.0
rtx4080,1,1024,prefill,14,k_proj,1024,1024,1,11048192.0,62024864.0,50592.0,3758096384.0,340.1548763815835,74.2824237824162,218.37824161922836,3758096384.0
rtx4080,1,1024,prefill,14,v_proj,1024,1024,1,11037824.0,62029280.0,50208.0,3758096384.0,340.4743891549639,74.85054939451881,219.84193753983428,3758096384.0
rtx4080,1,1024,prefill,14,attention,1024,1024,15,74759040.0,291691776.0,278400.0,,,,268.5310344827586,7985954816.0
rtx4080,1,1024,prefill,14,o_proj,1024,1024,1,32005888.0,417280672.0,253792.0,26306674688.0,821.9323484478856,103.65446778464256,126.11070482915144,26306674688.0
rtx4080,1,1024,prefill,14,prefill_layer14,1024,1024,2,25175552.0,44077408.0,40832.0,,,,616.564263322884,0.0
rtx4080,1,1024,prefill,14,post_norm,1024,1024,8,70496896.0,133112992.0,129728.0,,,,543.4208189442526,0.0
rtx4080,1,1024,prefill,14,gate_proj,1024,1024,1,198118016.0,1668461216.0,1348000.0,139049566208.0,701.8522041327125,103.15249718694362,146.971821958457,139049566208.0
rtx4080,1,1024,prefill,14,mlp,1024,1024,2,187767552.0,194089184.0,304544.0,,,,616.5531154775665,0.0
rtx4080,1,1024,prefill,14,up_proj,1024,1024,1,198251904.0,1668406304.0,1346560.0,139049566208.0,701.3782132856591,103.26280760456274,147.22842205323195,139049566208.0
rtx4080,1,1024,prefill,14,down_proj,1024,1024,1,206701952.0,1680970016.0,1336608.0,139049566208.0,672.7056269308962,104.03167286743758,154.6466518231224,139049566208.0
