target,dtype,bandwidth_gb_s,peak_tflop_s,ridge_flop_byte,bw_case,compute_case
v100-16,fp64,869.8407878843038,7.716709765875574,8.871404828744318,read_reduce:134217728,8192x8192x8192
v100-16,fp32,869.8407878843038,15.189022063482144,17.461841609458318,read_reduce:134217728,8192x8192x8192
v100-16,fp16,869.8407878843038,100.57558840784766,115.62528431493267,read_reduce:134217728,8192x8192x8192
v100-32,fp64,840.6428972869094,7.715486077711223,9.178077995558137,read_reduce:134217728,8192x8192x8192
v100-32,fp32,840.6428972869094,15.493369684536829,18.43038195473979,read_reduce:134217728,8192x8192x8192
v100-32,fp16,840.6428972869094,103.42838698834764,123.0348669121602,read_reduce:134217728,8192x8192x8192
v100-32-pcie,fp64,841.4772548773711,6.967294012019776,8.279836408691907,read_reduce:134217728,8192x8192x8192
v100-32-pcie,fp32,841.4772548773711,13.976650695510545,16.609659517828998,read_reduce:134217728,8192x8192x8192
v100-32-pcie,fp16,841.4772548773711,98.25967997096578,116.77045267882518,read_reduce:134217728,8192x8192x8192
a100,fp64,1682.4607351855684,19.362125906099138,11.508218587914667,read_reduce:134217728,8192x8192x8192
a100,fp32,1682.4607351855684,19.18499878903045,11.402939984162199,read_reduce:134217728,8192x8192x8192
a100,tf32,1682.4607351855684,147.4353680616302,87.63079278956764,read_reduce:134217728,8192x8192x8192
a100,fp16,1682.4607351855684,295.2389994011837,175.48046930713073,read_reduce:134217728,8192x8192x8192
a100,bf16,1682.4607351855684,293.55403359228944,174.47898037270488,read_reduce:134217728,8192x8192x8192
h100,fp64,3084.845966636554,64.20676769851373,20.813605733617607,read_reduce:134217728,8192x8192x8192
h100,fp32,3084.845966636554,51.87221059260576,16.81517040189941,read_reduce:134217728,4096x4096x4096
h100,tf32,3084.845966636554,417.9502854007591,135.48497718233094,read_reduce:134217728,1024x8192x8192
h100,fp16,3084.845966636554,787.6119299611934,255.316452905406,read_reduce:134217728,2048x8192x8192
h100,bf16,3084.845966636554,802.4239339105992,260.1179905217414,read_reduce:134217728,2048x8192x8192
h100,fp8_e4m3,3084.845966636554,1318.0786547901098,427.2753547650314,read_reduce:134217728,1024x8192x8192
h200,fp64,4295.093799446828,64.6458793271866,15.0510983800895,read_reduce:134217728,8192x8192x8192
h200,fp32,4295.093799446828,51.570313579001,12.006795657324837,read_reduce:134217728,4096x4096x4096
h200,tf32,4295.093799446828,412.2683408142414,95.98587599352037,read_reduce:134217728,1024x8192x8192
h200,fp16,4295.093799446828,755.6451978734623,175.93217590982135,read_reduce:134217728,1024x8192x8192
h200,bf16,4295.093799446828,814.9603145316651,189.74214594256944,read_reduce:134217728,4096x4096x4096
h200,fp8_e4m3,4295.093799446828,1297.9795632903144,302.2005161930302,read_reduce:134217728,8192x8192x8192
h200-mig,fp64,2186.0513865533385,29.12093899692188,13.321250898331224,read_reduce:134217728,8192x8192x8192
h200-mig,fp32,2186.0513865533385,23.67856021855192,10.831657647300313,read_reduce:134217728,512x8192x8192
h200-mig,tf32,2186.0513865533385,213.117135267954,97.48953596373022,read_reduce:134217728,8192x8192x8192
h200-mig,fp16,2186.0513865533385,418.86575732101176,191.60837659055258,read_reduce:134217728,8192x8192x8192
h200-mig,bf16,2186.0513865533385,419.0314298083552,191.68416277214126,read_reduce:134217728,8192x8192x8192
h200-mig,fp8_e4m3,2186.0513865533385,772.270263833555,353.27177969551906,read_reduce:134217728,8192x8192x8192
b300,fp64,6387.013280922021,1.0528930896744222,0.16484905281462447,fma:fp32:reps=1:67108864,8192x8192x8192
b300,fp32,6387.013280922021,68.51120567886888,10.726642119801367,fma:fp32:reps=1:67108864,8192x8192x8192
b300,tf32,6387.013280922021,975.3130897170222,152.70253040341686,fma:fp32:reps=1:67108864,8192x8192x8192
b300,fp16,6387.013280922021,1783.6346828896385,279.25958573115025,fma:fp32:reps=1:67108864,8192x8192x8192
b300,bf16,6387.013280922021,1740.9774386796023,272.5808389783522,fma:fp32:reps=1:67108864,8192x8192x8192
b300,fp8_e4m3,6387.013280922021,3192.655021666644,499.86666400132435,fma:fp32:reps=1:67108864,4096x4096x4096
b300,nvfp4,6387.013280922021,4802.736473994656,751.9534190323993,fma:fp32:reps=1:67108864,1024x8192x8192
gh200,fp64,4347.41122887735,63.72177436749179,14.657406675546293,read_reduce:134217728,8192x8192x8192
gh200,fp32,4347.41122887735,51.56518388586293,11.861124050870801,read_reduce:134217728,4096x4096x4096
gh200,tf32,4347.41122887735,401.5395386584642,92.36290691602123,read_reduce:134217728,2048x8192x8192
gh200,fp16,4347.41122887735,772.3699854588577,177.6620486988782,read_reduce:134217728,2048x8192x8192
gh200,bf16,4347.41122887735,758.9647947569587,174.57856061915476,read_reduce:134217728,2048x8192x8192
gh200,fp8_e4m3,4347.41122887735,1238.2070385605828,284.81479514426564,read_reduce:134217728,8192x8192x8192
mi100,fp64,1015.077491840712,9.19131156562601,9.05478807234584,read_reduce:134217728,4096x4096x4096
mi100,fp32,1015.077491840712,39.86945666530762,39.27725418579571,read_reduce:134217728,8192x8192x8192
mi100,fp16,1015.077491840712,134.94103618677337,132.9366844122169,read_reduce:134217728,8192x8192x8192
mi100,bf16,1015.077491840712,74.28160861279784,73.17826393539445,read_reduce:134217728,2048x8192x8192
mi210,fp64,1333.839394317294,36.15782168592248,27.108077509158687,read_reduce:67108864,2048x8192x8192
mi210,fp32,1333.839394317294,40.74675129821862,30.548468932479118,read_reduce:67108864,8192x8192x8192
mi210,fp16,1333.839394317294,135.0839797544001,101.27454649331364,read_reduce:67108864,4096x4096x4096
mi210,bf16,1333.839394317294,132.85473616823498,99.6032481378575,read_reduce:67108864,4096x4096x4096
rtx4080,fp64,661.424131771652,0.7417613568209893,1.121460982734559,read_reduce:134217728,8192x8192x8192
rtx4080,fp32,661.424131771652,38.06329689045099,57.54748740191391,read_reduce:134217728,8192x8192x8192
rtx4080,tf32,661.424131771652,53.27768345831327,80.54995410525284,read_reduce:134217728,8192x8192x8192
rtx4080,fp16,661.424131771652,104.20884192293968,157.55222242014662,read_reduce:134217728,8192x8192x8192
rtx4080,bf16,661.424131771652,103.7766941287238,156.89886283821187,read_reduce:134217728,8192x8192x8192
rtx4080,fp8_e4m3,661.424131771652,205.77652140767648,311.1112998802985,read_reduce:134217728,8192x8192x8192
