t_s,pstate,clocks.current.sm [MHz],clocks.current.memory [MHz],temperature.gpu,power.draw [W],power.limit [W],clocks_event_reasons.active,clocks_event_reasons.sw_thermal_slowdown,clocks_event_reasons.hw_thermal_slowdown
0.000,P0,345,3201,43,80.14,700.00,0x0000000000000001,Not Active,Not Active
1.011,P0,345,3201,43,79.81,700.00,0x0000000000000001,Not Active,Not Active
2.011,P0,345,3201,43,79.79,700.00,0x0000000000000001,Not Active,Not Active
3.012,P0,345,3201,42,79.71,700.00,0x0000000000000001,Not Active,Not Active
4.012,P0,345,3201,42,79.60,700.00,0x0000000000000001,Not Active,Not Active
5.013,P0,345,3201,42,79.66,700.00,0x0000000000000001,Not Active,Not Active
6.013,P0,345,3201,42,79.49,700.00,0x0000000000000001,Not Active,Not Active
7.014,P0,345,3201,41,79.45,700.00,0x0000000000000001,Not Active,Not Active
8.015,P0,345,3201,41,79.32,700.00,0x0000000000000001,Not Active,Not Active
9.015,P0,345,3201,41,79.32,700.00,0x0000000000000001,Not Active,Not Active
10.016,P0,345,3201,41,79.14,700.00,0x0000000000000001,Not Active,Not Active
11.017,P0,345,3201,40,79.05,700.00,0x0000000000000001,Not Active,Not Active
12.017,P0,345,3201,40,79.07,700.00,0x0000000000000001,Not Active,Not Active
13.018,P0,345,3201,40,79.02,700.00,0x0000000000000001,Not Active,Not Active
14.019,P0,345,3201,40,78.92,700.00,0x0000000000000001,Not Active,Not Active
15.019,P0,345,3201,39,78.86,700.00,0x0000000000000001,Not Active,Not Active
16.020,P0,345,3201,39,78.82,700.00,0x0000000000000001,Not Active,Not Active
17.021,P0,345,3201,39,78.77,700.00,0x0000000000000001,Not Active,Not Active
18.021,P0,345,3201,39,78.61,700.00,0x0000000000000001,Not Active,Not Active
19.022,P0,345,3201,39,78.66,700.00,0x0000000000000001,Not Active,Not Active
20.022,P0,345,3201,38,78.56,700.00,0x0000000000000001,Not Active,Not Active
21.023,P0,345,3201,38,78.53,700.00,0x0000000000000001,Not Active,Not Active
22.024,P0,345,3201,38,78.44,700.00,0x0000000000000001,Not Active,Not Active
23.024,P0,345,3201,38,78.40,700.00,0x0000000000000001,Not Active,Not Active
24.025,P0,345,3201,38,78.44,700.00,0x0000000000000001,Not Active,Not Active
25.025,P0,345,3201,38,78.43,700.00,0x0000000000000001,Not Active,Not Active
26.026,P0,345,3201,38,78.33,700.00,0x0000000000000001,Not Active,Not Active
27.027,P0,345,3201,37,78.33,700.00,0x0000000000000001,Not Active,Not Active
28.027,P0,345,3201,37,78.45,700.00,0x0000000000000001,Not Active,Not Active
29.028,P0,345,3201,37,78.38,700.00,0x0000000000000001,Not Active,Not Active
30.029,P0,345,3201,37,78.30,700.00,0x0000000000000001,Not Active,Not Active
31.029,P0,345,3201,37,78.29,700.00,0x0000000000000001,Not Active,Not Active
32.030,P0,345,3201,37,78.29,700.00,0x0000000000000001,Not Active,Not Active
33.031,P0,345,3201,37,78.22,700.00,0x0000000000000001,Not Active,Not Active
34.031,P0,1980,3201,38,107.46,700.00,0x0000000000000000,Not Active,Not Active
35.032,P0,1980,3201,38,124.31,700.00,0x0000000000000000,Not Active,Not Active
36.032,P0,1980,3201,38,124.27,700.00,0x0000000000000000,Not Active,Not Active
37.033,P0,1980,3201,41,287.13,700.00,0x0000000000000000,Not Active,Not Active
38.034,P0,1980,3201,42,314.86,700.00,0x0000000000000000,Not Active,Not Active
39.034,P0,1980,3201,42,310.46,700.00,0x0000000000000000,Not Active,Not Active
40.035,P0,1980,3201,42,315.23,700.00,0x0000000000000000,Not Active,Not Active
41.035,P0,1980,3201,43,329.54,700.00,0x0000000000000000,Not Active,Not Active
42.036,P0,1980,3201,43,313.22,700.00,0x0000000000000000,Not Active,Not Active
43.036,P0,1980,3201,43,315.59,700.00,0x0000000000000000,Not Active,Not Active
44.037,P0,1980,3201,44,372.73,700.00,0x0000000000000000,Not Active,Not Active
45.037,P0,1980,3201,44,360.19,700.00,0x0000000000000000,Not Active,Not Active
46.038,P0,1980,3201,44,350.45,700.00,0x0000000000000000,Not Active,Not Active
47.038,P0,1980,3201,44,351.30,700.00,0x0000000000000000,Not Active,Not Active
48.039,P0,1980,3201,46,360.21,700.00,0x0000000000000000,Not Active,Not Active
49.039,P0,1980,3201,45,346.88,700.00,0x0000000000000000,Not Active,Not Active
50.040,P0,1980,3201,45,351.22,700.00,0x0000000000000000,Not Active,Not Active
51.040,P0,1980,3201,48,506.58,700.00,0x0000000000000000,Not Active,Not Active
52.041,P0,1980,3201,48,459.53,700.00,0x0000000000000000,Not Active,Not Active
53.041,P0,1980,3201,48,454.05,700.00,0x0000000000000000,Not Active,Not Active
54.042,P0,1980,3201,48,452.40,700.00,0x0000000000000000,Not Active,Not Active
55.042,P0,1770,3201,56,491.07,700.00,0x0000000000000004,Not Active,Not Active
56.043,P0,1950,3201,50,445.38,700.00,0x0000000000000004,Not Active,Not Active
57.043,P0,1965,3201,49,450.14,700.00,0x0000000000000004,Not Active,Not Active
58.044,P0,1965,3201,49,453.02,700.00,0x0000000000000004,Not Active,Not Active
59.044,P0,1980,3201,48,402.92,700.00,0x0000000000000000,Not Active,Not Active
60.045,P0,1980,3201,47,360.59,700.00,0x0000000000000000,Not Active,Not Active
61.045,P0,1965,3201,52,368.16,700.00,0x0000000000000004,Not Active,Not Active
62.046,P0,1965,3201,47,358.35,700.00,0x0000000000000004,Not Active,Not Active
63.046,P0,1980,3201,47,358.60,700.00,0x0000000000000000,Not Active,Not Active
64.047,P0,1980,3201,47,358.44,700.00,0x0000000000000000,Not Active,Not Active
65.047,P0,1965,3201,52,363.11,700.00,0x0000000000000004,Not Active,Not Active
66.048,P0,1815,3201,57,450.31,700.00,0x0000000000000004,Not Active,Not Active
67.049,P0,1980,3201,52,584.22,700.00,0x0000000000000000,Not Active,Not Active
68.049,P0,1980,3201,52,539.31,700.00,0x0000000000000000,Not Active,Not Active
69.050,P0,1965,3201,53,539.03,700.00,0x0000000000000004,Not Active,Not Active
70.050,P0,1965,3201,54,529.90,700.00,0x0000000000000004,Not Active,Not Active
71.051,P0,1665,3201,59,545.66,700.00,0x0000000000000004,Not Active,Not Active
72.051,P0,1710,3201,59,513.75,700.00,0x0000000000000004,Not Active,Not Active
73.052,P0,1980,3201,53,507.80,700.00,0x0000000000000000,Not Active,Not Active
74.052,P0,1980,3201,53,535.73,700.00,0x0000000000000000,Not Active,Not Active
75.053,P0,1980,3201,54,537.24,700.00,0x0000000000000000,Not Active,Not Active
76.053,P0,1980,3201,54,540.07,700.00,0x0000000000000000,Not Active,Not Active
77.054,P0,1680,3201,63,612.96,700.00,0x0000000000000004,Not Active,Not Active
78.054,P0,1680,3201,62,695.01,700.00,0x0000000000000004,Not Active,Not Active
79.055,P0,1710,3201,62,697.84,700.00,0x0000000000000004,Not Active,Not Active
80.055,P0,1980,3201,58,605.22,700.00,0x0000000000000000,Not Active,Not Active
81.056,P0,1980,3201,58,569.46,700.00,0x0000000000000000,Not Active,Not Active
82.056,P0,1710,3201,62,676.07,700.00,0x0000000000000004,Not Active,Not Active
83.057,P0,1980,3201,59,576.03,700.00,0x0000000000000000,Not Active,Not Active
84.057,P0,1980,3201,59,569.57,700.00,0x0000000000000000,Not Active,Not Active
85.058,P0,1605,3201,63,689.51,700.00,0x0000000000000004,Not Active,Not Active
86.058,P0,1980,3201,59,569.08,700.00,0x0000000000000000,Not Active,Not Active
87.059,P0,1980,3201,59,569.47,700.00,0x0000000000000000,Not Active,Not Active
88.059,P0,1530,3201,62,698.31,700.00,0x0000000000000004,Not Active,Not Active
89.060,P0,1980,3201,59,569.61,700.00,0x0000000000000000,Not Active,Not Active
90.060,P0,1980,3201,59,569.39,700.00,0x0000000000000000,Not Active,Not Active
91.061,P0,1545,3201,63,696.09,700.00,0x0000000000000004,Not Active,Not Active
92.061,P0,1980,3201,60,561.27,700.00,0x0000000000000000,Not Active,Not Active
93.062,P0,1980,3201,60,579.93,700.00,0x0000000000000000,Not Active,Not Active
94.062,P0,1875,3201,60,692.98,700.00,0x0000000000000004,Not Active,Not Active
95.063,P0,1980,3201,60,570.08,700.00,0x0000000000000000,Not Active,Not Active
96.063,P0,1575,3201,64,605.62,700.00,0x0000000000000004,Not Active,Not Active
97.064,P0,1965,3201,61,659.29,700.00,0x0000000000000004,Not Active,Not Active
98.064,P0,1980,3201,60,574.04,700.00,0x0000000000000000,Not Active,Not Active
99.065,P0,1620,3201,65,613.56,700.00,0x0000000000000004,Not Active,Not Active
100.065,P0,1965,3201,61,652.44,700.00,0x0000000000000004,Not Active,Not Active
101.066,P0,1980,3201,61,572.58,700.00,0x0000000000000000,Not Active,Not Active
102.066,P0,1665,3201,65,625.16,700.00,0x0000000000000004,Not Active,Not Active
103.067,P0,1965,3201,61,628.73,700.00,0x0000000000000004,Not Active,Not Active
104.067,P0,1980,3201,61,569.97,700.00,0x0000000000000000,Not Active,Not Active
105.068,P0,1965,3201,57,556.87,700.00,0x0000000000000004,Not Active,Not Active
106.068,P0,1980,3201,55,414.07,700.00,0x0000000000000000,Not Active,Not Active
107.069,P0,1980,3201,55,418.00,700.00,0x0000000000000000,Not Active,Not Active
108.069,P0,1980,3201,55,409.28,700.00,0x0000000000000000,Not Active,Not Active
109.069,P0,1950,3201,62,438.90,700.00,0x0000000000000004,Not Active,Not Active
110.070,P0,1965,3201,55,405.70,700.00,0x0000000000000004,Not Active,Not Active
111.070,P0,1980,3201,55,411.08,700.00,0x0000000000000004,Not Active,Not Active
112.071,P0,1980,3201,54,410.22,700.00,0x0000000000000000,Not Active,Not Active
113.071,P0,1650,3201,64,648.31,700.00,0x0000000000000004,Not Active,Not Active
114.072,P0,1965,3201,60,607.40,700.00,0x0000000000000004,Not Active,Not Active
115.072,P0,1755,3201,61,551.29,700.00,0x0000000000000000,Not Active,Not Active
116.073,P0,1980,3201,59,604.14,700.00,0x0000000000000000,Not Active,Not Active
117.073,P0,1665,3201,65,609.41,700.00,0x0000000000000004,Not Active,Not Active
118.074,P0,1980,3201,59,539.33,700.00,0x0000000000000000,Not Active,Not Active
119.074,P0,1965,3201,61,620.57,700.00,0x0000000000000004,Not Active,Not Active
120.075,P0,1980,3201,60,528.98,700.00,0x0000000000000000,Not Active,Not Active
121.075,P0,1980,3201,60,610.88,700.00,0x0000000000000000,Not Active,Not Active
122.076,P0,1695,3201,66,564.51,700.00,0x0000000000000004,Not Active,Not Active
123.076,P0,1980,3201,60,585.70,700.00,0x0000000000000000,Not Active,Not Active
124.077,P0,1650,3201,66,624.77,700.00,0x0000000000000004,Not Active,Not Active
125.077,P0,1980,3201,60,527.74,700.00,0x0000000000000000,Not Active,Not Active
126.078,P0,1965,3201,61,621.85,700.00,0x0000000000000004,Not Active,Not Active
127.078,P0,1980,3201,59,530.40,700.00,0x0000000000000000,Not Active,Not Active
128.079,P0,1980,3201,60,618.40,700.00,0x0000000000000000,Not Active,Not Active
129.079,P0,1515,3201,64,573.02,700.00,0x0000000000000004,Not Active,Not Active
130.080,P0,1680,3201,66,692.01,700.00,0x0000000000000004,Not Active,Not Active
131.081,P0,1515,3201,64,686.62,700.00,0x0000000000000004,Not Active,Not Active
132.081,P0,1680,3201,66,687.67,700.00,0x0000000000000004,Not Active,Not Active
133.081,P0,1665,3201,67,683.87,700.00,0x0000000000000004,Not Active,Not Active
134.082,P0,1560,3201,65,692.05,700.00,0x0000000000000004,Not Active,Not Active
135.082,P0,1965,3201,63,648.15,700.00,0x0000000000000004,Not Active,Not Active
136.083,P0,1980,3201,63,606.82,700.00,0x0000000000000000,Not Active,Not Active
137.083,P0,1980,3201,63,609.28,700.00,0x0000000000000000,Not Active,Not Active
138.084,P0,1980,3201,63,606.31,700.00,0x0000000000000000,Not Active,Not Active
139.084,P0,1635,3201,66,697.98,700.00,0x0000000000000004,Not Active,Not Active
140.085,P0,1650,3201,68,676.03,700.00,0x0000000000000004,Not Active,Not Active
141.085,P0,1980,3201,64,600.03,700.00,0x0000000000000000,Not Active,Not Active
142.086,P0,1980,3201,64,604.26,700.00,0x0000000000000000,Not Active,Not Active
143.086,P0,1980,3201,64,603.86,700.00,0x0000000000000000,Not Active,Not Active
144.087,P0,1560,3201,68,688.89,700.00,0x0000000000000004,Not Active,Not Active
145.087,P0,1500,3201,66,684.33,700.00,0x0000000000000004,Not Active,Not Active
146.088,P0,1980,3201,64,606.24,700.00,0x0000000000000000,Not Active,Not Active
147.088,P0,1980,3201,64,614.40,700.00,0x0000000000000000,Not Active,Not Active
148.089,P0,1980,3201,64,611.12,700.00,0x0000000000000000,Not Active,Not Active
149.089,P0,1665,3201,67,674.36,700.00,0x0000000000000004,Not Active,Not Active
150.090,P0,1665,3201,68,690.34,700.00,0x0000000000000004,Not Active,Not Active
151.090,P0,1980,3201,64,622.48,700.00,0x0000000000000000,Not Active,Not Active
152.091,P0,1980,3201,64,607.11,700.00,0x0000000000000000,Not Active,Not Active
153.092,P0,1980,3201,64,607.69,700.00,0x0000000000000000,Not Active,Not Active
154.092,P0,1755,3201,66,637.60,700.00,0x0000000000000004,Not Active,Not Active
155.093,P0,1605,3201,69,688.07,700.00,0x0000000000000004,Not Active,Not Active
156.093,P0,1965,3201,65,655.19,700.00,0x0000000000000004,Not Active,Not Active
157.094,P0,1980,3201,65,610.23,700.00,0x0000000000000000,Not Active,Not Active
158.094,P0,1980,3201,64,606.97,700.00,0x0000000000000000,Not Active,Not Active
159.095,P0,1980,3201,64,607.02,700.00,0x0000000000000000,Not Active,Not Active
160.095,P0,1575,3201,67,698.17,700.00,0x0000000000000004,Not Active,Not Active
161.096,P0,1845,3201,67,686.77,700.00,0x0000000000000004,Not Active,Not Active
162.096,P0,1980,3201,65,598.90,700.00,0x0000000000000000,Not Active,Not Active
163.097,P0,1980,3201,65,613.98,700.00,0x0000000000000000,Not Active,Not Active
164.097,P0,1980,3201,65,614.85,700.00,0x0000000000000000,Not Active,Not Active
165.098,P0,1635,3201,69,683.70,700.00,0x0000000000000004,Not Active,Not Active
166.098,P0,1470,3201,67,690.95,700.00,0x0000000000000004,Not Active,Not Active
167.099,P0,1980,3201,65,607.90,700.00,0x0000000000000000,Not Active,Not Active
168.099,P0,1980,3201,65,610.96,700.00,0x0000000000000000,Not Active,Not Active
169.100,P0,1980,3201,65,606.91,700.00,0x0000000000000000,Not Active,Not Active
170.100,P0,1650,3201,70,657.41,700.00,0x0000000000000004,Not Active,Not Active
171.101,P0,1500,3201,67,688.20,700.00,0x0000000000000004,Not Active,Not Active
172.101,P0,1980,3201,65,631.39,700.00,0x0000000000000000,Not Active,Not Active
173.102,P0,1980,3201,65,606.97,700.00,0x0000000000000000,Not Active,Not Active
174.102,P0,1980,3201,65,606.11,700.00,0x0000000000000000,Not Active,Not Active
175.103,P0,1620,3201,68,635.69,700.00,0x0000000000000004,Not Active,Not Active
176.103,P0,1665,3201,69,689.63,700.00,0x0000000000000004,Not Active,Not Active
177.104,P0,1965,3201,65,650.47,700.00,0x0000000000000004,Not Active,Not Active
178.104,P0,1980,3201,65,609.75,700.00,0x0000000000000000,Not Active,Not Active
179.105,P0,1980,3201,65,613.67,700.00,0x0000000000000000,Not Active,Not Active
180.105,P0,1980,3201,65,612.15,700.00,0x0000000000000000,Not Active,Not Active
181.106,P0,1980,3201,53,173.74,700.00,0x0000000000000000,Not Active,Not Active
