batch,prompt_length,repeat,generated_tokens,gpu_prefill_ms,wall_prefill_ms,wall_sequence_ms,final_cache_length,peak_allocated_bytes,peak_reserved_bytes,input_sha256,generated_sha256
1,128,0,64,30.900224685668945,30.92838999873493,1566.2136199971428,191,15266429440,15294529536,5ed3133a95f4853db18b741c1480621d3f9bee803ccc9ae09e5959d757add9a7,08779ba1088758cb08add38cf8f2f18ef55b00b67c0fb1c29c1d1dc416ed4898
1,128,1,64,30.935039520263672,30.96180000284221,1567.2650299966335,191,15266429440,15294529536,5ed3133a95f4853db18b741c1480621d3f9bee803ccc9ae09e5959d757add9a7,08779ba1088758cb08add38cf8f2f18ef55b00b67c0fb1c29c1d1dc416ed4898
1,128,2,64,30.921695709228516,30.955520007410087,1566.5950499969767,191,15266429440,15294529536,5ed3133a95f4853db18b741c1480621d3f9bee803ccc9ae09e5959d757add9a7,08779ba1088758cb08add38cf8f2f18ef55b00b67c0fb1c29c1d1dc416ed4898
1,128,3,64,30.900224685668945,30.92677000677213,1565.462149999803,191,15266429440,15294529536,5ed3133a95f4853db18b741c1480621d3f9bee803ccc9ae09e5959d757add9a7,08779ba1088758cb08add38cf8f2f18ef55b00b67c0fb1c29c1d1dc416ed4898
1,128,4,64,30.901248931884766,30.930740002077073,1565.4823599907104,191,15266429440,15294529536,5ed3133a95f4853db18b741c1480621d3f9bee803ccc9ae09e5959d757add9a7,08779ba1088758cb08add38cf8f2f18ef55b00b67c0fb1c29c1d1dc416ed4898
1,128,5,64,30.926464080810547,30.9535499982303,1568.698269999004,191,15266429440,15294529536,5ed3133a95f4853db18b741c1480621d3f9bee803ccc9ae09e5959d757add9a7,08779ba1088758cb08add38cf8f2f18ef55b00b67c0fb1c29c1d1dc416ed4898
1,128,6,64,30.932992935180664,30.959309995523654,1566.1850500036962,191,15266429440,15294529536,5ed3133a95f4853db18b741c1480621d3f9bee803ccc9ae09e5959d757add9a7,08779ba1088758cb08add38cf8f2f18ef55b00b67c0fb1c29c1d1dc416ed4898
1,1024,0,64,150.97445678710938,151.00450000318233,1742.824360000668,1087,15448968704,15588130816,fb9b10ef6c689b5f111bb3f063a0d66af878285f11eac32654a759f0388ea8c2,01efc9e9c3772b84ed40c47945c71221fb49ed916e5e5ae52bf709d9621467a6
1,1024,1,64,150.95033264160156,151.00719001202378,1743.9878300065175,1087,15448968704,15588130816,fb9b10ef6c689b5f111bb3f063a0d66af878285f11eac32654a759f0388ea8c2,01efc9e9c3772b84ed40c47945c71221fb49ed916e5e5ae52bf709d9621467a6
1,1024,2,64,151.00621032714844,151.03507999447174,1745.2523800020572,1087,15448968704,15588130816,fb9b10ef6c689b5f111bb3f063a0d66af878285f11eac32654a759f0388ea8c2,01efc9e9c3772b84ed40c47945c71221fb49ed916e5e5ae52bf709d9621467a6
1,1024,3,64,150.96937561035156,151.0071000084281,1747.0161400124198,1087,15448968704,15588130816,fb9b10ef6c689b5f111bb3f063a0d66af878285f11eac32654a759f0388ea8c2,01efc9e9c3772b84ed40c47945c71221fb49ed916e5e5ae52bf709d9621467a6
1,1024,4,64,150.98104858398438,151.04757000517566,1745.2912199951243,1087,15448968704,15588130816,fb9b10ef6c689b5f111bb3f063a0d66af878285f11eac32654a759f0388ea8c2,01efc9e9c3772b84ed40c47945c71221fb49ed916e5e5ae52bf709d9621467a6
1,1024,5,64,150.94784545898438,150.98460001172498,1742.9241299978457,1087,15448968704,15588130816,fb9b10ef6c689b5f111bb3f063a0d66af878285f11eac32654a759f0388ea8c2,01efc9e9c3772b84ed40c47945c71221fb49ed916e5e5ae52bf709d9621467a6
1,1024,6,64,150.95091247558594,150.98646999103948,1743.0362599989166,1087,15448968704,15588130816,fb9b10ef6c689b5f111bb3f063a0d66af878285f11eac32654a759f0388ea8c2,01efc9e9c3772b84ed40c47945c71221fb49ed916e5e5ae52bf709d9621467a6
1,4096,0,64,653.8137817382812,653.8663099927362,2453.3574100059923,4159,16060886528,16206790656,3a3dafcbd237a20c2173bee9f6d86f83a00c230d6681e9bf3c220cb807f118a3,582280393ea256d29af26b7e4662c05d84bf637dfd9beab4ee58fb42944dc317
1,4096,1,64,653.6572875976562,653.7089600024046,2453.4709099971224,4159,16060886528,16206790656,3a3dafcbd237a20c2173bee9f6d86f83a00c230d6681e9bf3c220cb807f118a3,582280393ea256d29af26b7e4662c05d84bf637dfd9beab4ee58fb42944dc317
1,4096,2,64,653.69482421875,653.7463300046511,2452.8820699924836,4159,16060886528,16206790656,3a3dafcbd237a20c2173bee9f6d86f83a00c230d6681e9bf3c220cb807f118a3,582280393ea256d29af26b7e4662c05d84bf637dfd9beab4ee58fb42944dc317
1,4096,3,64,653.8307495117188,653.8852100056829,2453.440600002068,4159,16060886528,16206790656,3a3dafcbd237a20c2173bee9f6d86f83a00c230d6681e9bf3c220cb807f118a3,582280393ea256d29af26b7e4662c05d84bf637dfd9beab4ee58fb42944dc317
1,4096,4,64,653.6488037109375,653.7034500070149,2453.385419998085,4159,16060886528,16206790656,3a3dafcbd237a20c2173bee9f6d86f83a00c230d6681e9bf3c220cb807f118a3,582280393ea256d29af26b7e4662c05d84bf637dfd9beab4ee58fb42944dc317
1,4096,5,64,653.7482299804688,653.8001900044037,2453.8487600075314,4159,16060886528,16206790656,3a3dafcbd237a20c2173bee9f6d86f83a00c230d6681e9bf3c220cb807f118a3,582280393ea256d29af26b7e4662c05d84bf637dfd9beab4ee58fb42944dc317
1,4096,6,64,653.7399291992188,653.7942200084217,2453.7278400093783,4159,16060886528,16206790656,3a3dafcbd237a20c2173bee9f6d86f83a00c230d6681e9bf3c220cb807f118a3,582280393ea256d29af26b7e4662c05d84bf637dfd9beab4ee58fb42944dc317
8,128,0,64,149.08006286621094,149.1162099991925,1909.5037200022489,191,15448502784,15588130816,d41ca7bbd3b298888f1cf7886bd398e645f933b8df92a6d7fd224e8e7d7c8a3c,76162a043b848ea4a09dd25fc81e910258a104658d9b9b73b53dfd7d00f9d726
8,128,1,64,149.1495361328125,149.1820499941241,1910.3537800110644,191,15448502784,15588130816,d41ca7bbd3b298888f1cf7886bd398e645f933b8df92a6d7fd224e8e7d7c8a3c,76162a043b848ea4a09dd25fc81e910258a104658d9b9b73b53dfd7d00f9d726
8,128,2,64,149.05856323242188,149.0906899998663,1909.1838099993765,191,15448502784,15588130816,d41ca7bbd3b298888f1cf7886bd398e645f933b8df92a6d7fd224e8e7d7c8a3c,76162a043b848ea4a09dd25fc81e910258a104658d9b9b73b53dfd7d00f9d726
8,128,3,64,149.0779571533203,149.1100400016876,1910.4837699997006,191,15448502784,15588130816,d41ca7bbd3b298888f1cf7886bd398e645f933b8df92a6d7fd224e8e7d7c8a3c,76162a043b848ea4a09dd25fc81e910258a104658d9b9b73b53dfd7d00f9d726
8,128,4,64,149.14151000976562,149.17813999636564,1910.089679993689,191,15448502784,15588130816,d41ca7bbd3b298888f1cf7886bd398e645f933b8df92a6d7fd224e8e7d7c8a3c,76162a043b848ea4a09dd25fc81e910258a104658d9b9b73b53dfd7d00f9d726
8,128,5,64,149.22752380371094,149.26665999519173,1909.9051600060193,191,15448502784,15588130816,d41ca7bbd3b298888f1cf7886bd398e645f933b8df92a6d7fd224e8e7d7c8a3c,76162a043b848ea4a09dd25fc81e910258a104658d9b9b73b53dfd7d00f9d726
8,128,6,64,149.04115295410156,149.07147000485566,1909.7266099997796,191,15448502784,15588130816,d41ca7bbd3b298888f1cf7886bd398e645f933b8df92a6d7fd224e8e7d7c8a3c,76162a043b848ea4a09dd25fc81e910258a104658d9b9b73b53dfd7d00f9d726
16,128,0,64,295.9923095703125,296.0323399893241,2193.1415400031256,191,15649845760,15953035264,0488842b7216da17fe8802392a69aac45663a3efc240b61eca70609617fb0b8d,83d9abfb312a9f96e61975e6060df27004c297b3a646c519dce3ed27b2e8a413
16,128,1,64,295.9903259277344,296.03454998868983,2192.2391800035257,191,15649845760,15953035264,0488842b7216da17fe8802392a69aac45663a3efc240b61eca70609617fb0b8d,83d9abfb312a9f96e61975e6060df27004c297b3a646c519dce3ed27b2e8a413
16,128,2,64,295.9627380371094,296.00396000023466,2190.94502000371,191,15649845760,15953035264,0488842b7216da17fe8802392a69aac45663a3efc240b61eca70609617fb0b8d,83d9abfb312a9f96e61975e6060df27004c297b3a646c519dce3ed27b2e8a413
16,128,3,64,295.96978759765625,296.0098400071729,2193.036469994695,191,15649845760,15953035264,0488842b7216da17fe8802392a69aac45663a3efc240b61eca70609617fb0b8d,83d9abfb312a9f96e61975e6060df27004c297b3a646c519dce3ed27b2e8a413
16,128,4,64,295.9585266113281,295.99678999511525,2191.9629399926635,191,15649845760,15953035264,0488842b7216da17fe8802392a69aac45663a3efc240b61eca70609617fb0b8d,83d9abfb312a9f96e61975e6060df27004c297b3a646c519dce3ed27b2e8a413
16,128,5,64,295.9461364746094,295.9844199940562,2193.153499989421,191,15649845760,15953035264,0488842b7216da17fe8802392a69aac45663a3efc240b61eca70609617fb0b8d,83d9abfb312a9f96e61975e6060df27004c297b3a646c519dce3ed27b2e8a413
16,128,6,64,295.9872131347656,296.0283099964727,2192.3185999912675,191,15649845760,15953035264,0488842b7216da17fe8802392a69aac45663a3efc240b61eca70609617fb0b8d,83d9abfb312a9f96e61975e6060df27004c297b3a646c519dce3ed27b2e8a413
