family,dtype,cache,m,n,k,reps,bytes,flops,footprint_bytes,sample,loops,ms,error,valid
read_reduce,fp32,warm,0,16777216,0,0,71303168,0,71303168,0,200,0.0082297595217824,0,1
read_reduce,fp32,warm,0,16777216,0,0,71303168,0,71303168,1,200,0.00824255961924791,0,1
read_reduce,fp32,warm,0,16777216,0,0,71303168,0,71303168,2,200,0.008260159753263,0,1
read_reduce,fp32,warm,0,16777216,0,0,71303168,0,71303168,3,200,0.00825311988592148,0,1
read_reduce,fp32,warm,0,16777216,0,0,71303168,0,71303168,4,200,0.00826528016477823,0,1
read_reduce,fp32,warm,0,16777216,0,0,71303168,0,71303168,5,200,0.00826479960232973,0,1
read_reduce,fp32,warm,0,16777216,0,0,71303168,0,71303168,6,200,0.0082656005397439,0,1
read_reduce,fp32,warm,0,67108864,0,0,272629760,0,272629760,0,200,0.0511966422200203,0,1
read_reduce,fp32,warm,0,67108864,0,0,272629760,0,272629760,1,200,0.0512283183634281,0,1
read_reduce,fp32,warm,0,67108864,0,0,272629760,0,272629760,2,200,0.051226083189249,0,1
read_reduce,fp32,warm,0,67108864,0,0,272629760,0,272629760,3,200,0.0512081608176231,0,1
read_reduce,fp32,warm,0,67108864,0,0,272629760,0,272629760,4,200,0.0512311980128288,0,1
read_reduce,fp32,warm,0,67108864,0,0,272629760,0,272629760,5,200,0.0512006394565105,0,1
read_reduce,fp32,warm,0,67108864,0,0,272629760,0,272629760,6,200,0.0512406378984451,0,1
read_reduce,fp32,warm,0,134217728,0,0,541065216,0,541065216,0,199,0.0963441208004951,0,1
read_reduce,fp32,warm,0,134217728,0,0,541065216,0,541065216,1,199,0.0963388159871101,0,1
read_reduce,fp32,warm,0,134217728,0,0,541065216,0,541065216,2,199,0.0963624566793442,0,1
read_reduce,fp32,warm,0,134217728,0,0,541065216,0,541065216,3,199,0.0963671132922173,0,1
read_reduce,fp32,warm,0,134217728,0,0,541065216,0,541065216,4,199,0.0963529646396637,0,1
read_reduce,fp32,warm,0,134217728,0,0,541065216,0,541065216,5,199,0.0963151752948761,0,1
read_reduce,fp32,warm,0,134217728,0,0,541065216,0,541065216,6,199,0.0963614881038666,0,1
