t_s,name,temperature.gpu,power.draw [W],power.limit [W],clocks.current.sm [MHz],clocks.current.memory [MHz],utilization.gpu [%],utilization.memory [%]
0.000,NVIDIA GH200 144G HBM3e,29,85.75,900.00,345,3201,0,0
1.008,NVIDIA GH200 144G HBM3e,30,96.46,900.00,1980,3201,3,0
2.009,NVIDIA GH200 144G HBM3e,37,460.53,900.00,1980,3201,96,90
3.010,NVIDIA GH200 144G HBM3e,41,520.56,900.00,1980,3201,96,72
4.010,NVIDIA GH200 144G HBM3e,47,621.59,900.00,1965,3201,96,46
5.011,NVIDIA GH200 144G HBM3e,44,496.27,900.00,1980,3201,96,7
6.011,NVIDIA GH200 144G HBM3e,46,449.66,900.00,1980,3201,100,6
7.012,NVIDIA GH200 144G HBM3e,48,555.02,900.00,1980,3201,96,37
8.012,NVIDIA GH200 144G HBM3e,48,513.53,900.00,1980,3201,95,19
9.013,NVIDIA GH200 144G HBM3e,45,598.04,900.00,1980,3201,95,100
10.014,NVIDIA GH200 144G HBM3e,50,655.75,900.00,1980,3201,93,51
11.014,NVIDIA GH200 144G HBM3e,45,549.81,900.00,1905,3201,82,75
12.015,NVIDIA GH200 144G HBM3e,47,623.08,900.00,1965,3201,95,47
13.015,NVIDIA GH200 144G HBM3e,50,596.39,900.00,1920,3201,78,10
14.016,NVIDIA GH200 144G HBM3e,47,580.76,900.00,1980,3201,96,89
