batch,prompt_length,phase,layer,query_tokens,kv_tokens,kernel_id,module,kernel,block_size,grid_size,dram__bytes_read.sum,dram__bytes_write.sum,gpu__time_duration.sum,lts__t_sectors_op_read.sum,lts__t_sectors_op_write.sum,sm__ops_path_tensor_op_bgmma_src_int1.sum,sm__ops_path_tensor_op_bmma_src_int1.sum,sm__ops_path_tensor_op_hgmma_src_bf16_dst_fp32_sparsity_off.sum,sm__ops_path_tensor_op_hgmma_src_bf16_dst_fp32_sparsity_on.sum,sm__ops_path_tensor_op_hgmma_src_fp16_sparsity_off.sum,sm__ops_path_tensor_op_hgmma_src_fp16_sparsity_on.sum,sm__ops_path_tensor_op_hgmma_src_tf32_dst_fp32_sparsity_off.sum,sm__ops_path_tensor_op_hgmma_src_tf32_dst_fp32_sparsity_on.sum,sm__ops_path_tensor_op_hmma_src_bf16_dst_fp32_sparsity_off.sum,sm__ops_path_tensor_op_hmma_src_bf16_dst_fp32_sparsity_on.sum,sm__ops_path_tensor_op_hmma_src_fp16_dst_fp16_sparsity_off.sum,sm__ops_path_tensor_op_hmma_src_fp16_dst_fp16_sparsity_on.sum,sm__ops_path_tensor_op_hmma_src_fp16_dst_fp32_sparsity_off.sum,sm__ops_path_tensor_op_hmma_src_fp16_dst_fp32_sparsity_on.sum,sm__ops_path_tensor_op_hmma_src_tf32_dst_fp32_sparsity_off.sum,sm__ops_path_tensor_op_hmma_src_tf32_dst_fp32_sparsity_on.sum,sm__ops_path_tensor_op_igmma_src_int8_sparsity_off.sum,sm__ops_path_tensor_op_igmma_src_int8_sparsity_on.sum,sm__ops_path_tensor_op_imma_src_int8_sparsity_off.sum,sm__ops_path_tensor_op_imma_src_int8_sparsity_on.sum,sm__ops_path_tensor_src_bf16_dst_fp32.sum,sm__ops_path_tensor_src_fp16.sum,sm__ops_path_tensor_src_fp64.sum,sm__ops_path_tensor_src_fp8_sparsity_off.sum,sm__ops_path_tensor_src_fp8_sparsity_on.sum,sm__ops_path_tensor_src_int1.sum,sm__ops_path_tensor_src_int8.sum,sm__ops_path_tensor_src_tf32_dst_fp32.sum
1,1024,decode,14,1,1029,0,input_norm,"void at::unrolled_elementwise_kernel<at::direct_copy_kernel_cuda(at::TensorIteratorBase &)::[lambda() (instance 3)]::operator ()() const::[lambda() (instance 7)]::operator ()() const::[lambda(float) (instance 1)], std::array<char *, 2>, 4, TrivialOffsetCalculator<1, unsigned int>, TrivialOffsetCalculator<1, unsigned int>, memory::LoadWithCast<1>, memory::StoreWithCast<1>>(int, T1, T2, T4, T5, T6, T7)","(128, 1, 1)","(7, 1, 1)",30464,0,3328,482,740,0,0,0,0,0,0,0,0,0,0,0,0,0,0,0,0,0,0,0,0,0,0,0,0,0,0,0,0
1,1024,decode,14,1,1029,1,input_norm,"void at::vectorized_elementwise_kernel<4, void at::<unnamed>::pow_tensor_scalar_kernel_impl<float, float>(at::TensorIteratorBase &, T2)::[lambda(float) (instance 1)], std::array<char *, 2>>(int, T2, T3)","(128, 1, 1)","(7, 1, 1)",3840,0,1984,694,678,0,0,0,0,0,0,0,0,0,0,0,0,0,0,0,0,0,0,0,0,0,0,0,0,0,0,0,0
1,1024,decode,14,1,1029,2,input_norm,"void at::reduce_kernel<512, 1, at::ReduceOp<float, at::MeanOps<float, float, float, float>, unsigned int, float, 4>>(T3)","(512, 1, 1)","(1, 1, 1)",62976,0,3264,990,40,0,0,0,0,0,0,0,0,0,0,0,0,0,0,0,0,0,0,0,0,0,0,0,0,0,0,0,0
1,1024,decode,14,1,1029,3,input_norm,"void at::vectorized_elementwise_kernel<4, at::CUDAFunctorOnSelf_add<float>, std::array<char *, 2>>(int, T2, T3)","(128, 1, 1)","(1, 1, 1)",3840,0,2176,245,29,0,0,0,0,0,0,0,0,0,0,0,0,0,0,0,0,0,0,0,0,0,0,0,0,0,0,0,0
1,1024,decode,14,1,1029,4,input_norm,"void at::vectorized_elementwise_kernel<4, at::rsqrt_kernel_cuda(at::TensorIteratorBase &)::[lambda() (instance 2)]::operator ()() const::[lambda() (instance 2)]::operator ()() const::[lambda(float) (instance 1)], std::array<char *, 2>>(int, T2, T3)","(128, 1, 1)","(1, 1, 1)",4096,0,2144,249,27,0,0,0,0,0,0,0,0,0,0,0,0,0,0,0,0,0,0,0,0,0,0,0,0,0,0,0,0
1,1024,decode,14,1,1029,5,input_norm,"void at::elementwise_kernel<128, 2, void at::gpu_kernel_impl_nocast<at::BinaryFunctor<float, float, float, binary_internal::MulFunctor<float>>>(at::TensorIteratorBase &, const T1 &)::[lambda(int) (instance 1)]>(int, T3)","(128, 1, 1)","(14, 1, 1)",14336,0,2592,900,782,0,0,0,0,0,0,0,0,0,0,0,0,0,0,0,0,0,0,0,0,0,0,0,0,0,0,0,0
1,1024,decode,14,1,1029,6,input_norm,"void at::vectorized_elementwise_kernel<4, at::bfloat16_copy_kernel_cuda(at::TensorIteratorBase &)::[lambda(float) (instance 1)], std::array<char *, 2>>(int, T2, T3)","(128, 1, 1)","(7, 1, 1)",3840,0,2016,694,399,0,0,0,0,0,0,0,0,0,0,0,0,0,0,0,0,0,0,0,0,0,0,0,0,0,0,0,0
1,1024,decode,14,1,1029,7,input_norm,"void at::vectorized_elementwise_kernel<4, at::BinaryFunctor<c10::BFloat16, c10::BFloat16, c10::BFloat16, binary_internal::MulFunctor<float>>, std::array<char *, 3>>(int, T2, T3)","(128, 1, 1)","(7, 1, 1)",11776,0,2400,692,366,0,0,0,0,0,0,0,0,0,0,0,0,0,0,0,0,0,0,0,0,0,0,0,0,0,0,0,0
1,1024,decode,14,1,1029,8,q_proj,void cutlass::Kernel2<cutlass_80_tensorop_bf16_s16816gemm_relu_bf16_64x64_32x10_tn_align8>(T1::Params),"(128, 1, 1)","(8, 7, 2)",25732096,197888,13440,811074,614,0,0,0,0,0,0,0,0,1644167168,0,0,0,0,0,0,0,0,0,0,0,1644167168,0,0,0,0,0,0,0
1,1024,decode,14,1,1029,9,q_proj,"void cublasLt::splitKreduce_kernel<32, 16, int, __nv_bfloat16, __nv_bfloat16, float, __nv_bfloat16, 1, 1, 0>(cublasLt::cublasSplitKParams<T6>, const T4 *, const T5 *, T5 *, const T6 *, const T6 *, const T7 *, const T4 *, T7 *, void *, long, T6 *, int *)","(32, 16, 1)","(112, 1, 1)",32512,0,3488,924,735,0,0,0,0,0,0,0,0,0,0,0,0,0,0,0,0,0,0,0,0,0,0,0,0,0,0,0,0
1,1024,decode,14,1,1029,10,k_proj,"std::enable_if<!T7, void>::type internal::kernel<int, int, __nv_bfloat16, __nv_bfloat16, __nv_bfloat16, float, 0, 1, 1, 0, 7, 0, cublasGemvParamsEx<int, cublasGemvTensorStridedBatched<const __nv_bfloat16>, cublasGemvTensorStridedBatched<const __nv_bfloat16>, cublasGemvTensorStridedBatched<__nv_bfloat16>, float>>(T13)","(32, 4, 1)","(128, 1, 1)",3692288,768,6848,191070,231,0,0,0,0,0,0,0,0,0,0,0,0,0,0,0,0,0,0,0,0,0,0,0,0,0,0,0,0
1,1024,decode,14,1,1029,11,v_proj,"std::enable_if<!T7, void>::type internal::kernel<int, int, __nv_bfloat16, __nv_bfloat16, __nv_bfloat16, float, 0, 1, 1, 0, 7, 0, cublasGemvParamsEx<int, cublasGemvTensorStridedBatched<const __nv_bfloat16>, cublasGemvTensorStridedBatched<const __nv_bfloat16>, cublasGemvTensorStridedBatched<__nv_bfloat16>, float>>(T13)","(32, 4, 1)","(128, 1, 1)",3692800,0,7072,188771,232,0,0,0,0,0,0,0,0,0,0,0,0,0,0,0,0,0,0,0,0,0,0,0,0,0,0,0,0
1,1024,decode,14,1,1029,12,attention,"void at::elementwise_kernel<128, 4, void at::gpu_kernel_impl_nocast<at::BinaryFunctor<c10::BFloat16, c10::BFloat16, c10::BFloat16, binary_internal::MulFunctor<float>>>(at::TensorIteratorBase &, const T1 &)::[lambda(int) (instance 1)]>(int, T3)","(128, 1, 1)","(7, 1, 1)",26368,0,2944,656,383,0,0,0,0,0,0,0,0,0,0,0,0,0,0,0,0,0,0,0,0,0,0,0,0,0,0,0,0
1,1024,decode,14,1,1029,13,attention,"void at::elementwise_kernel<128, 4, void at::gpu_kernel_impl_nocast<at::neg_kernel_cuda(at::TensorIteratorBase &)::[lambda() (instance 2)]::operator ()() const::[lambda() (instance 9)]::operator ()() const::[lambda(c10::BFloat16) (instance 1)]>(at::TensorIteratorBase &, const T1 &)::[lambda(int) (instance 1)]>(int, T3)","(128, 1, 1)","(4, 1, 1)",23296,0,3328,510,239,0,0,0,0,0,0,0,0,0,0,0,0,0,0,0,0,0,0,0,0,0,0,0,0,0,0,0,0
1,1024,decode,14,1,1029,14,attention,"void at::<unnamed>::CatArrayBatchedCopy<at::<unnamed>::OpaqueType<2>, unsigned int, 4, 64, 64>(T1 *, at::<unnamed>::CatArrInputTensorMetadata<T1, T2, T4, T5>, at::<unnamed>::TensorSizeStride<T2, 4>, int, T2)","(512, 1, 1)","(264, 2, 1)",6912,0,3200,1452,370,0,0,0,0,0,0,0,0,0,0,0,0,0,0,0,0,0,0,0,0,0,0,0,0,0,0,0,0
1,1024,decode,14,1,1029,15,attention,"void at::elementwise_kernel<128, 4, void at::gpu_kernel_impl_nocast<at::BinaryFunctor<c10::BFloat16, c10::BFloat16, c10::BFloat16, binary_internal::MulFunctor<float>>>(at::TensorIteratorBase &, const T1 &)::[lambda(int) (instance 1)]>(int, T3)","(128, 1, 1)","(7, 1, 1)",26368,0,3040,652,350,0,0,0,0,0,0,0,0,0,0,0,0,0,0,0,0,0,0,0,0,0,0,0,0,0,0,0,0
1,1024,decode,14,1,1029,16,attention,"void at::vectorized_elementwise_kernel<4, at::CUDAFunctor_add<c10::BFloat16>, std::array<char *, 3>>(int, T2, T3)","(128, 1, 1)","(7, 1, 1)",4864,0,2336,696,460,0,0,0,0,0,0,0,0,0,0,0,0,0,0,0,0,0,0,0,0,0,0,0,0,0,0,0,0
1,1024,decode,14,1,1029,17,attention,"void at::elementwise_kernel<128, 4, void at::gpu_kernel_impl_nocast<at::BinaryFunctor<c10::BFloat16, c10::BFloat16, c10::BFloat16, binary_internal::MulFunctor<float>>>(at::TensorIteratorBase &, const T1 &)::[lambda(int) (instance 1)]>(int, T3)","(128, 1, 1)","(1, 1, 1)",26624,0,2912,430,78,0,0,0,0,0,0,0,0,0,0,0,0,0,0,0,0,0,0,0,0,0,0,0,0,0,0,0,0
1,1024,decode,14,1,1029,18,attention,"void at::elementwise_kernel<128, 4, void at::gpu_kernel_impl_nocast<at::neg_kernel_cuda(at::TensorIteratorBase &)::[lambda() (instance 2)]::operator ()() const::[lambda() (instance 9)]::operator ()() const::[lambda(c10::BFloat16) (instance 1)]>(at::TensorIteratorBase &, const T1 &)::[lambda(int) (instance 1)]>(int, T3)","(128, 1, 1)","(1, 1, 1)",23040,0,2848,410,37,0,0,0,0,0,0,0,0,0,0,0,0,0,0,0,0,0,0,0,0,0,0,0,0,0,0,0,0
1,1024,decode,14,1,1029,19,attention,"void at::<unnamed>::CatArrayBatchedCopy<at::<unnamed>::OpaqueType<2>, unsigned int, 4, 64, 64>(T1 *, at::<unnamed>::CatArrInputTensorMetadata<T1, T2, T4, T5>, at::<unnamed>::TensorSizeStride<T2, 4>, int, T2)","(512, 1, 1)","(264, 2, 1)",6912,0,2976,1232,83,0,0,0,0,0,0,0,0,0,0,0,0,0,0,0,0,0,0,0,0,0,0,0,0,0,0,0,0
1,1024,decode,14,1,1029,20,attention,"void at::elementwise_kernel<128, 4, void at::gpu_kernel_impl_nocast<at::BinaryFunctor<c10::BFloat16, c10::BFloat16, c10::BFloat16, binary_internal::MulFunctor<float>>>(at::TensorIteratorBase &, const T1 &)::[lambda(int) (instance 1)]>(int, T3)","(128, 1, 1)","(1, 1, 1)",26624,0,2944,438,95,0,0,0,0,0,0,0,0,0,0,0,0,0,0,0,0,0,0,0,0,0,0,0,0,0,0,0,0
1,1024,decode,14,1,1029,21,attention,"void at::vectorized_elementwise_kernel<4, at::CUDAFunctor_add<c10::BFloat16>, std::array<char *, 3>>(int, T2, T3)","(128, 1, 1)","(1, 1, 1)",4864,0,2272,312,86,0,0,0,0,0,0,0,0,0,0,0,0,0,0,0,0,0,0,0,0,0,0,0,0,0,0,0,0
1,1024,decode,14,1,1029,22,attention,"void at::<unnamed>::CatArrayBatchedCopy_contig<at::<unnamed>::OpaqueType<2>, unsigned int, 4, 128, 1>(T1 *, at::<unnamed>::CatArrInputTensorMetadata<T1, T2, T4, T5>, at::<unnamed>::TensorSizeStride<T2, 4>, int, T2)","(512, 1, 1)","(264, 2, 1)",1058304,0,5632,37882,50255,0,0,0,0,0,0,0,0,0,0,0,0,0,0,0,0,0,0,0,0,0,0,0,0,0,0,0,0
1,1024,decode,14,1,1029,23,attention,"void at::<unnamed>::CatArrayBatchedCopy_contig<at::<unnamed>::OpaqueType<2>, unsigned int, 4, 128, 1>(T1 *, at::<unnamed>::CatArrInputTensorMetadata<T1, T2, T4, T5>, at::<unnamed>::TensorSizeStride<T2, 4>, int, T2)","(512, 1, 1)","(264, 2, 1)",5376,0,4992,43708,49291,0,0,0,0,0,0,0,0,0,0,0,0,0,0,0,0,0,0,0,0,0,0,0,0,0,0,0,0
1,1024,decode,14,1,1029,24,attention,"void at::elementwise_kernel<128, 4, void at::gpu_kernel_impl_nocast<at::direct_copy_kernel_cuda(at::TensorIteratorBase &)::[lambda() (instance 3)]::operator ()() const::[lambda() (instance 12)]::operator ()() const::[lambda(c10::BFloat16) (instance 1)]>(at::TensorIteratorBase &, const T1 &)::[lambda(int) (instance 1)]>(int, T3)","(128, 1, 1)","(7203, 1, 1)",1076480,49152,10496,226864,345203,0,0,0,0,0,0,0,0,0,0,0,0,0,0,0,0,0,0,0,0,0,0,0,0,0,0,0,0
1,1024,decode,14,1,1029,25,attention,"void at::elementwise_kernel<128, 4, void at::gpu_kernel_impl_nocast<at::direct_copy_kernel_cuda(at::TensorIteratorBase &)::[lambda() (instance 3)]::operator ()() const::[lambda() (instance 12)]::operator ()() const::[lambda(c10::BFloat16) (instance 1)]>(at::TensorIteratorBase &, const T1 &)::[lambda(int) (instance 1)]>(int, T3)","(128, 1, 1)","(7203, 1, 1)",1076992,2560,10560,226958,346713,0,0,0,0,0,0,0,0,0,0,0,0,0,0,0,0,0,0,0,0,0,0,0,0,0,0,0,0
1,1024,decode,14,1,1029,26,attention,"void pytorch_flash::flash_fwd_splitkv_kernel<pytorch_flash::Flash_fwd_kernel_traits<128, 64, 128, 4, 0, 0, cutlass::bfloat16_t, pytorch_flash::Flash_kernel_traits<128, 64, 128, 4, cutlass::bfloat16_t>>, 0, 0, 0, 0, 1, 1, 0>(pytorch_flash::Flash_fwd_params)","(128, 1, 1)","(1, 9, 28)",14811904,256,10112,462206,6899,0,0,0,0,0,0,0,0,1056964608,0,0,0,0,0,0,0,0,0,0,0,1056964608,0,0,0,0,0,0,0
1,1024,decode,14,1,1029,27,attention,"void pytorch_flash::flash_fwd_splitkv_combine_kernel<pytorch_flash::Flash_fwd_kernel_traits<128, 64, 128, 4, 0, 0, cutlass::bfloat16_t, pytorch_flash::Flash_kernel_traits<128, 64, 128, 4, cutlass::bfloat16_t>>, 4, 4, 1>(pytorch_flash::Flash_fwd_params)","(128, 1, 1)","(7, 1, 1)",137216,0,6496,4499,412,0,0,0,0,0,0,0,0,0,0,0,0,0,0,0,0,0,0,0,0,0,0,0,0,0,0,0,0
1,1024,decode,14,1,1029,28,o_proj,"void gemv2T_kernel_val<int, int, __nv_bfloat16, __nv_bfloat16, __nv_bfloat16, float, 128, 16, 4, 4, 0, 0, cublasGemvParamsEx<int, cublasGemvTensorStridedBatched<const __nv_bfloat16>, cublasGemvTensorStridedBatched<const __nv_bfloat16>, cublasGemvTensorStridedBatched<__nv_bfloat16>, float>>(T13, T6, T6)","(128, 1, 1)","(448, 1, 1)",25701120,15872,16480,877712,926,0,0,0,0,0,0,0,0,0,0,0,0,0,0,0,0,0,0,0,0,0,0,0,0,0,0,0,0
1,1024,decode,14,1,1029,29,decode_layer14,"void at::vectorized_elementwise_kernel<4, at::CUDAFunctor_add<c10::BFloat16>, std::array<char *, 3>>(int, T2, T3)","(128, 1, 1)","(7, 1, 1)",4864,0,2208,698,398,0,0,0,0,0,0,0,0,0,0,0,0,0,0,0,0,0,0,0,0,0,0,0,0,0,0,0,0
1,1024,decode,14,1,1029,30,post_norm,"void at::unrolled_elementwise_kernel<at::direct_copy_kernel_cuda(at::TensorIteratorBase &)::[lambda() (instance 3)]::operator ()() const::[lambda() (instance 7)]::operator ()() const::[lambda(float) (instance 1)], std::array<char *, 2>, 4, TrivialOffsetCalculator<1, unsigned int>, TrivialOffsetCalculator<1, unsigned int>, memory::LoadWithCast<1>, memory::StoreWithCast<1>>(int, T1, T2, T4, T5, T6, T7)","(128, 1, 1)","(7, 1, 1)",30464,0,3296,480,725,0,0,0,0,0,0,0,0,0,0,0,0,0,0,0,0,0,0,0,0,0,0,0,0,0,0,0,0
1,1024,decode,14,1,1029,31,post_norm,"void at::vectorized_elementwise_kernel<4, void at::<unnamed>::pow_tensor_scalar_kernel_impl<float, float>(at::TensorIteratorBase &, T2)::[lambda(float) (instance 1)], std::array<char *, 2>>(int, T2, T3)","(128, 1, 1)","(7, 1, 1)",3840,0,1984,694,677,0,0,0,0,0,0,0,0,0,0,0,0,0,0,0,0,0,0,0,0,0,0,0,0,0,0,0,0
1,1024,decode,14,1,1029,32,post_norm,"void at::reduce_kernel<512, 1, at::ReduceOp<float, at::MeanOps<float, float, float, float>, unsigned int, float, 4>>(T3)","(512, 1, 1)","(1, 1, 1)",62976,0,3648,990,40,0,0,0,0,0,0,0,0,0,0,0,0,0,0,0,0,0,0,0,0,0,0,0,0,0,0,0,0
1,1024,decode,14,1,1029,33,post_norm,"void at::vectorized_elementwise_kernel<4, at::CUDAFunctorOnSelf_add<float>, std::array<char *, 2>>(int, T2, T3)","(128, 1, 1)","(1, 1, 1)",3840,0,1984,247,22,0,0,0,0,0,0,0,0,0,0,0,0,0,0,0,0,0,0,0,0,0,0,0,0,0,0,0,0
1,1024,decode,14,1,1029,34,post_norm,"void at::vectorized_elementwise_kernel<4, at::rsqrt_kernel_cuda(at::TensorIteratorBase &)::[lambda() (instance 2)]::operator ()() const::[lambda() (instance 2)]::operator ()() const::[lambda(float) (instance 1)], std::array<char *, 2>>(int, T2, T3)","(128, 1, 1)","(1, 1, 1)",4352,0,1952,245,94,0,0,0,0,0,0,0,0,0,0,0,0,0,0,0,0,0,0,0,0,0,0,0,0,0,0,0,0
1,1024,decode,14,1,1029,35,post_norm,"void at::elementwise_kernel<128, 2, void at::gpu_kernel_impl_nocast<at::BinaryFunctor<float, float, float, binary_internal::MulFunctor<float>>>(at::TensorIteratorBase &, const T1 &)::[lambda(int) (instance 1)]>(int, T3)","(128, 1, 1)","(14, 1, 1)",14592,0,2496,860,782,0,0,0,0,0,0,0,0,0,0,0,0,0,0,0,0,0,0,0,0,0,0,0,0,0,0,0,0
1,1024,decode,14,1,1029,36,post_norm,"void at::vectorized_elementwise_kernel<4, at::bfloat16_copy_kernel_cuda(at::TensorIteratorBase &)::[lambda(float) (instance 1)], std::array<char *, 2>>(int, T2, T3)","(128, 1, 1)","(7, 1, 1)",3840,0,1888,696,344,0,0,0,0,0,0,0,0,0,0,0,0,0,0,0,0,0,0,0,0,0,0,0,0,0,0,0,0
1,1024,decode,14,1,1029,37,post_norm,"void at::vectorized_elementwise_kernel<4, at::BinaryFunctor<c10::BFloat16, c10::BFloat16, c10::BFloat16, binary_internal::MulFunctor<float>>, std::array<char *, 3>>(int, T2, T3)","(128, 1, 1)","(7, 1, 1)",14336,0,2016,698,376,0,0,0,0,0,0,0,0,0,0,0,0,0,0,0,0,0,0,0,0,0,0,0,0,0,0,0,0
1,1024,decode,14,1,1029,38,gate_proj,sm90_xmma_gemm_bf16bf16_bf16f32_f32_tn_n_tilesize64x64x64_warpgroupsize1x1x1_execute_segment_k_off_kernel__5x_cublas,"(384, 1, 1)","(120, 1, 1)",135843584,4540160,42176,6896991,2291,0,0,8690597888,0,0,0,0,0,0,0,0,0,0,0,0,0,0,0,0,0,8690597888,0,0,0,0,0,0,0
1,1024,decode,14,1,1029,39,mlp,"void at::vectorized_elementwise_kernel<4, at::<unnamed>::silu_kernel(at::TensorIteratorBase &)::[lambda() (instance 1)]::operator ()() const::[lambda() (instance 6)]::operator ()() const::[lambda(c10::BFloat16) (instance 1)], std::array<char *, 2>>(int, T2, T3)","(128, 1, 1)","(37, 1, 1)",8960,0,2688,1848,2074,0,0,0,0,0,0,0,0,0,0,0,0,0,0,0,0,0,0,0,0,0,0,0,0,0,0,0,0
1,1024,decode,14,1,1029,40,up_proj,sm90_xmma_gemm_bf16bf16_bf16f32_f32_tn_n_tilesize64x64x64_warpgroupsize1x1x1_execute_segment_k_off_kernel__5x_cublas,"(384, 1, 1)","(120, 1, 1)",135844096,4595456,41728,6896999,2357,0,0,8690597888,0,0,0,0,0,0,0,0,0,0,0,0,0,0,0,0,0,8690597888,0,0,0,0,0,0,0
1,1024,decode,14,1,1029,41,mlp,"void at::vectorized_elementwise_kernel<4, at::BinaryFunctor<c10::BFloat16, c10::BFloat16, c10::BFloat16, binary_internal::MulFunctor<float>>, std::array<char *, 3>>(int, T2, T3)","(128, 1, 1)","(37, 1, 1)",80640,0,2912,2652,1597,0,0,0,0,0,0,0,0,0,0,0,0,0,0,0,0,0,0,0,0,0,0,0,0,0,0,0,0
1,1024,decode,14,1,1029,42,down_proj,sm90_xmma_gemm_bf16bf16_bf16f32_f32_tn_n_tilesize64x64x64_warpgroupsize1x1x1_execute_segment_k_on_kernel__5x_cublas,"(384, 1, 1)","(112, 1, 1)",135897600,8737536,43744,6930635,86421,0,0,8690597888,0,0,0,0,0,0,0,0,0,0,0,0,0,0,0,0,0,8690597888,0,0,0,0,0,0,0
1,1024,decode,14,1,1029,43,decode_layer14,"void at::vectorized_elementwise_kernel<4, at::CUDAFunctor_add<c10::BFloat16>, std::array<char *, 3>>(int, T2, T3)","(128, 1, 1)","(7, 1, 1)",4864,0,2560,694,382,0,0,0,0,0,0,0,0,0,0,0,0,0,0,0,0,0,0,0,0,0,0,0,0,0,0,0,0
1,1024,prefill,14,1024,1024,0,input_norm,"void at::unrolled_elementwise_kernel<at::direct_copy_kernel_cuda(at::TensorIteratorBase &)::[lambda() (instance 3)]::operator ()() const::[lambda() (instance 7)]::operator ()() const::[lambda(float) (instance 1)], std::array<char *, 2>, 4, TrivialOffsetCalculator<1, unsigned int>, TrivialOffsetCalculator<1, unsigned int>, memory::LoadWithCast<1>, memory::StoreWithCast<1>>(int, T1, T2, T4, T5, T6, T7)","(128, 1, 1)","(7168, 1, 1)",7379712,141056,12544,299786,689651,0,0,0,0,0,0,0,0,0,0,0,0,0,0,0,0,0,0,0,0,0,0,0,0,0,0,0,0
1,1024,prefill,14,1024,1024,1,input_norm,"void at::vectorized_elementwise_kernel<4, void at::<unnamed>::pow_tensor_scalar_kernel_impl<float, float>(at::TensorIteratorBase &, T2)::[lambda(float) (instance 1)], std::array<char *, 2>>(int, T2, T3)","(128, 1, 1)","(7168, 1, 1)",14684416,3091456,8992,679192,684777,0,0,0,0,0,0,0,0,0,0,0,0,0,0,0,0,0,0,0,0,0,0,0,0,0,0,0,0
1,1024,prefill,14,1024,1024,2,input_norm,"void at::reduce_kernel<512, 1, at::ReduceOp<float, at::MeanOps<float, float, float, float>, unsigned int, float, 4>>(T3)","(32, 16, 1)","(64, 1, 1)",14743808,256,15328,459332,252,0,0,0,0,0,0,0,0,0,0,0,0,0,0,0,0,0,0,0,0,0,0,0,0,0,0,0,0
1,1024,prefill,14,1024,1024,3,input_norm,"void at::vectorized_elementwise_kernel<4, at::CUDAFunctorOnSelf_add<float>, std::array<char *, 2>>(int, T2, T3)","(128, 1, 1)","(2, 1, 1)",3840,0,2048,440,175,0,0,0,0,0,0,0,0,0,0,0,0,0,0,0,0,0,0,0,0,0,0,0,0,0,0,0,0
1,1024,prefill,14,1024,1024,4,input_norm,"void at::vectorized_elementwise_kernel<4, at::rsqrt_kernel_cuda(at::TensorIteratorBase &)::[lambda() (instance 2)]::operator ()() const::[lambda() (instance 2)]::operator ()() const::[lambda(float) (instance 1)], std::array<char *, 2>>(int, T2, T3)","(128, 1, 1)","(2, 1, 1)",4352,0,2048,376,138,0,0,0,0,0,0,0,0,0,0,0,0,0,0,0,0,0,0,0,0,0,0,0,0,0,0,0,0
1,1024,prefill,14,1024,1024,5,input_norm,"void at::elementwise_kernel<128, 2, void at::gpu_kernel_impl_nocast<at::BinaryFunctor<float, float, float, binary_internal::MulFunctor<float>>>(at::TensorIteratorBase &, const T1 &)::[lambda(int) (instance 1)]>(int, T3)","(128, 1, 1)","(14336, 1, 1)",14699520,1761792,12576,683799,687455,0,0,0,0,0,0,0,0,0,0,0,0,0,0,0,0,0,0,0,0,0,0,0,0,0,0,0,0
1,1024,prefill,14,1024,1024,6,input_norm,"void at::vectorized_elementwise_kernel<4, at::bfloat16_copy_kernel_cuda(at::TensorIteratorBase &)::[lambda(float) (instance 1)], std::array<char *, 2>>(int, T2, T3)","(128, 1, 1)","(7168, 1, 1)",14684416,447488,7200,582604,344081,0,0,0,0,0,0,0,0,0,0,0,0,0,0,0,0,0,0,0,0,0,0,0,0,0,0,0,0
1,1024,prefill,14,1024,1024,7,input_norm,"void at::elementwise_kernel<128, 4, void at::gpu_kernel_impl_nocast<at::BinaryFunctor<c10::BFloat16, c10::BFloat16, c10::BFloat16, binary_internal::MulFunctor<float>>>(at::TensorIteratorBase &, const T1 &)::[lambda(int) (instance 1)]>(int, T3)","(128, 1, 1)","(7168, 1, 1)",7374336,166656,12000,316626,345137,0,0,0,0,0,0,0,0,0,0,0,0,0,0,0,0,0,0,0,0,0,0,0,0,0,0,0,0
1,1024,prefill,14,1024,1024,8,q_proj,sm90_xmma_gemm_bf16bf16_bf16f32_f32_tn_n_tilesize128x128x64_warpgroupsize1x1x1_execute_segment_k_off_kernel__5x_cublas,"(384, 1, 1)","(14, 8, 1)",33151488,8609536,42080,4552106,344175,0,0,26306674688,0,0,0,0,0,0,0,0,0,0,0,0,0,0,0,0,0,26306674688,0,0,0,0,0,0,0
1,1024,prefill,14,1024,1024,9,k_proj,sm90_xmma_gemm_bf16bf16_bf16f32_f32_tn_n_tilesize64x128x64_warpgroupsize1x1x1_execute_segment_k_off_kernel__5x_cublas,"(384, 1, 1)","(12, 6, 1)",11064064,0,15744,1291391,49615,0,0,4227858432,0,0,0,0,0,0,0,0,0,0,0,0,0,0,0,0,0,4227858432,0,0,0,0,0,0,0
1,1024,prefill,14,1024,1024,10,v_proj,sm90_xmma_gemm_bf16bf16_bf16f32_f32_tn_n_tilesize64x128x64_warpgroupsize1x1x1_execute_segment_k_off_kernel__5x_cublas,"(384, 1, 1)","(12, 6, 1)",11064576,1280,15552,1291414,49233,0,0,4227858432,0,0,0,0,0,0,0,0,0,0,0,0,0,0,0,0,0,4227858432,0,0,0,0,0,0,0
1,1024,prefill,14,1024,1024,11,attention,"void at::elementwise_kernel<128, 4, void at::gpu_kernel_impl_nocast<at::BinaryFunctor<c10::BFloat16, c10::BFloat16, c10::BFloat16, binary_internal::MulFunctor<float>>>(at::TensorIteratorBase &, const T1 &)::[lambda(int) (instance 1)]>(int, T3)","(128, 1, 1)","(7168, 1, 1)",7629056,0,12928,342298,346818,0,0,0,0,0,0,0,0,0,0,0,0,0,0,0,0,0,0,0,0,0,0,0,0,0,0,0,0
1,1024,prefill,14,1024,1024,12,attention,"void at::elementwise_kernel<128, 4, void at::gpu_kernel_impl_nocast<at::neg_kernel_cuda(at::TensorIteratorBase &)::[lambda() (instance 2)]::operator ()() const::[lambda() (instance 9)]::operator ()() const::[lambda(c10::BFloat16) (instance 1)]>(at::TensorIteratorBase &, const T1 &)::[lambda(int) (instance 1)]>(int, T3)","(128, 1, 1)","(3584, 1, 1)",3693568,512,7552,136074,172144,0,0,0,0,0,0,0,0,0,0,0,0,0,0,0,0,0,0,0,0,0,0,0,0,0,0,0,0
1,1024,prefill,14,1024,1024,13,attention,"void at::<unnamed>::CatArrayBatchedCopy<at::<unnamed>::OpaqueType<2>, unsigned int, 4, 64, 64>(T1 *, at::<unnamed>::CatArrInputTensorMetadata<T1, T2, T4, T5>, at::<unnamed>::TensorSizeStride<T2, 4>, int, T2)","(512, 1, 1)","(264, 2, 1)",7348736,30208,18720,307285,344448,0,0,0,0,0,0,0,0,0,0,0,0,0,0,0,0,0,0,0,0,0,0,0,0,0,0,0,0
1,1024,prefill,14,1024,1024,14,attention,"void at::elementwise_kernel<128, 4, void at::gpu_kernel_impl_nocast<at::BinaryFunctor<c10::BFloat16, c10::BFloat16, c10::BFloat16, binary_internal::MulFunctor<float>>>(at::TensorIteratorBase &, const T1 &)::[lambda(int) (instance 1)]>(int, T3)","(128, 1, 1)","(7168, 1, 1)",7630080,5632,12224,494440,344400,0,0,0,0,0,0,0,0,0,0,0,0,0,0,0,0,0,0,0,0,0,0,0,0,0,0,0,0
1,1024,prefill,14,1024,1024,15,attention,"void at::elementwise_kernel<128, 4, void at::gpu_kernel_impl_nocast<at::CUDAFunctor_add<c10::BFloat16>>(at::TensorIteratorBase &, const T1 &)::[lambda(int) (instance 1)]>(int, T3)","(128, 1, 1)","(7168, 1, 1)",11629824,351232,13184,590358,344001,0,0,0,0,0,0,0,0,0,0,0,0,0,0,0,0,0,0,0,0,0,0,0,0,0,0,0,0
1,1024,prefill,14,1024,1024,16,attention,"void at::elementwise_kernel<128, 4, void at::gpu_kernel_impl_nocast<at::BinaryFunctor<c10::BFloat16, c10::BFloat16, c10::BFloat16, binary_internal::MulFunctor<float>>>(at::TensorIteratorBase &, const T1 &)::[lambda(int) (instance 1)]>(int, T3)","(128, 1, 1)","(1024, 1, 1)",1337344,3072,5024,45428,49383,0,0,0,0,0,0,0,0,0,0,0,0,0,0,0,0,0,0,0,0,0,0,0,0,0,0,0,0
1,1024,prefill,14,1024,1024,17,attention,"void at::elementwise_kernel<128, 4, void at::gpu_kernel_impl_nocast<at::neg_kernel_cuda(at::TensorIteratorBase &)::[lambda() (instance 2)]::operator ()() const::[lambda() (instance 9)]::operator ()() const::[lambda(c10::BFloat16) (instance 1)]>(at::TensorIteratorBase &, const T1 &)::[lambda(int) (instance 1)]>(int, T3)","(128, 1, 1)","(512, 1, 1)",548096,0,4960,17550,24587,0,0,0,0,0,0,0,0,0,0,0,0,0,0,0,0,0,0,0,0,0,0,0,0,0,0,0,0
1,1024,prefill,14,1024,1024,18,attention,"void at::<unnamed>::CatArrayBatchedCopy<at::<unnamed>::OpaqueType<2>, unsigned int, 4, 64, 64>(T1 *, at::<unnamed>::CatArrInputTensorMetadata<T1, T2, T4, T5>, at::<unnamed>::TensorSizeStride<T2, 4>, int, T2)","(512, 1, 1)","(264, 2, 1)",1057024,5376,6272,36296,49131,0,0,0,0,0,0,0,0,0,0,0,0,0,0,0,0,0,0,0,0,0,0,0,0,0,0,0,0
1,1024,prefill,14,1024,1024,19,attention,"void at::elementwise_kernel<128, 4, void at::gpu_kernel_impl_nocast<at::BinaryFunctor<c10::BFloat16, c10::BFloat16, c10::BFloat16, binary_internal::MulFunctor<float>>>(at::TensorIteratorBase &, const T1 &)::[lambda(int) (instance 1)]>(int, T3)","(128, 1, 1)","(1024, 1, 1)",1337600,0,4832,64814,49387,0,0,0,0,0,0,0,0,0,0,0,0,0,0,0,0,0,0,0,0,0,0,0,0,0,0,0,0
1,1024,prefill,14,1024,1024,20,attention,"void at::elementwise_kernel<128, 4, void at::gpu_kernel_impl_nocast<at::CUDAFunctor_add<c10::BFloat16>>(at::TensorIteratorBase &, const T1 &)::[lambda(int) (instance 1)]>(int, T3)","(128, 1, 1)","(1024, 1, 1)",1075712,0,5152,78610,49388,0,0,0,0,0,0,0,0,0,0,0,0,0,0,0,0,0,0,0,0,0,0,0,0,0,0,0,0
1,1024,prefill,14,1024,1024,21,attention,"void at::elementwise_kernel<128, 4, void at::gpu_kernel_impl_nocast<at::direct_copy_kernel_cuda(at::TensorIteratorBase &)::[lambda() (instance 3)]::operator ()() const::[lambda() (instance 12)]::operator ()() const::[lambda(c10::BFloat16) (instance 1)]>(at::TensorIteratorBase &, const T1 &)::[lambda(int) (instance 1)]>(int, T3)","(128, 1, 1)","(7168, 1, 1)",1071872,15616,11968,223424,347358,0,0,0,0,0,0,0,0,0,0,0,0,0,0,0,0,0,0,0,0,0,0,0,0,0,0,0,0
1,1024,prefill,14,1024,1024,22,attention,"void at::elementwise_kernel<128, 4, void at::gpu_kernel_impl_nocast<at::direct_copy_kernel_cuda(at::TensorIteratorBase &)::[lambda() (instance 3)]::operator ()() const::[lambda() (instance 12)]::operator ()() const::[lambda(c10::BFloat16) (instance 1)]>(at::TensorIteratorBase &, const T1 &)::[lambda(int) (instance 1)]>(int, T3)","(128, 1, 1)","(7168, 1, 1)",1072128,0,12288,222996,347857,0,0,0,0,0,0,0,0,0,0,0,0,0,0,0,0,0,0,0,0,0,0,0,0,0,0,0,0
1,1024,prefill,14,1024,1024,23,attention,"void at::elementwise_kernel<128, 4, void at::gpu_kernel_impl_nocast<at::direct_copy_kernel_cuda(at::TensorIteratorBase &)::[lambda() (instance 3)]::operator ()() const::[lambda() (instance 12)]::operator ()() const::[lambda(c10::BFloat16) (instance 1)]>(at::TensorIteratorBase &, const T1 &)::[lambda(int) (instance 1)]>(int, T3)","(128, 1, 1)","(7168, 1, 1)",7363584,768,12032,290934,344381,0,0,0,0,0,0,0,0,0,0,0,0,0,0,0,0,0,0,0,0,0,0,0,0,0,0,0,0
1,1024,prefill,14,1024,1024,24,attention,"void pytorch_flash::flash_fwd_kernel<pytorch_flash::Flash_fwd_kernel_traits<128, 128, 64, 4, 0, 0, cutlass::bfloat16_t, pytorch_flash::Flash_kernel_traits<128, 128, 64, 4, cutlass::bfloat16_t>>, 0, 1, 0, 0, 1, 1, 0>(pytorch_flash::Flash_fwd_params)","(128, 1, 1)","(8, 1, 28)",19003648,8944128,55776,2618599,957853,0,0,0,0,0,0,0,0,8455716864,0,0,0,0,0,0,0,0,0,0,0,8455716864,0,0,0,0,0,0,0
1,1024,prefill,14,1024,1024,25,attention,"void at::elementwise_kernel<128, 4, void at::gpu_kernel_impl_nocast<at::direct_copy_kernel_cuda(at::TensorIteratorBase &)::[lambda() (instance 3)]::operator ()() const::[lambda() (instance 12)]::operator ()() const::[lambda(c10::BFloat16) (instance 1)]>(at::TensorIteratorBase &, const T1 &)::[lambda(int) (instance 1)]>(int, T3)","(128, 1, 1)","(7168, 1, 1)",7363328,13824,12032,283764,343676,0,0,0,0,0,0,0,0,0,0,0,0,0,0,0,0,0,0,0,0,0,0,0,0,0,0,0,0
1,1024,prefill,14,1024,1024,26,o_proj,sm90_xmma_gemm_bf16bf16_bf16f32_f32_tn_n_tilesize128x128x64_warpgroupsize1x1x1_execute_segment_k_off_kernel__5x_cublas,"(384, 1, 1)","(28, 4, 1)",35659008,12288768,42272,3828326,343779,0,0,26306674688,0,0,0,0,0,0,0,0,0,0,0,0,0,0,0,0,0,26306674688,0,0,0,0,0,0,0
1,1024,prefill,14,1024,1024,27,prefill_layer14,"void at::vectorized_elementwise_kernel<4, at::CUDAFunctor_add<c10::BFloat16>, std::array<char *, 3>>(int, T2, T3)","(128, 1, 1)","(7168, 1, 1)",11629824,643328,7360,599656,342199,0,0,0,0,0,0,0,0,0,0,0,0,0,0,0,0,0,0,0,0,0,0,0,0,0,0,0,0
1,1024,prefill,14,1024,1024,28,post_norm,"void at::unrolled_elementwise_kernel<at::direct_copy_kernel_cuda(at::TensorIteratorBase &)::[lambda() (instance 3)]::operator ()() const::[lambda() (instance 7)]::operator ()() const::[lambda(float) (instance 1)], std::array<char *, 2>, 4, TrivialOffsetCalculator<1, unsigned int>, TrivialOffsetCalculator<1, unsigned int>, memory::LoadWithCast<1>, memory::StoreWithCast<1>>(int, T1, T2, T4, T5, T6, T7)","(128, 1, 1)","(7168, 1, 1)",7371008,61696,12928,298680,689091,0,0,0,0,0,0,0,0,0,0,0,0,0,0,0,0,0,0,0,0,0,0,0,0,0,0,0,0
1,1024,prefill,14,1024,1024,29,post_norm,"void at::vectorized_elementwise_kernel<4, void at::<unnamed>::pow_tensor_scalar_kernel_impl<float, float>(at::TensorIteratorBase &, T2)::[lambda(float) (instance 1)], std::array<char *, 2>>(int, T2, T3)","(128, 1, 1)","(7168, 1, 1)",14685184,3226368,8960,681414,689068,0,0,0,0,0,0,0,0,0,0,0,0,0,0,0,0,0,0,0,0,0,0,0,0,0,0,0,0
1,1024,prefill,14,1024,1024,30,post_norm,"void at::reduce_kernel<512, 1, at::ReduceOp<float, at::MeanOps<float, float, float, float>, unsigned int, float, 4>>(T3)","(32, 16, 1)","(64, 1, 1)",14744320,1024,15328,459334,265,0,0,0,0,0,0,0,0,0,0,0,0,0,0,0,0,0,0,0,0,0,0,0,0,0,0,0,0
1,1024,prefill,14,1024,1024,31,post_norm,"void at::vectorized_elementwise_kernel<4, at::CUDAFunctorOnSelf_add<float>, std::array<char *, 2>>(int, T2, T3)","(128, 1, 1)","(2, 1, 1)",3840,0,2080,372,175,0,0,0,0,0,0,0,0,0,0,0,0,0,0,0,0,0,0,0,0,0,0,0,0,0,0,0,0
1,1024,prefill,14,1024,1024,32,post_norm,"void at::vectorized_elementwise_kernel<4, at::rsqrt_kernel_cuda(at::TensorIteratorBase &)::[lambda() (instance 2)]::operator ()() const::[lambda() (instance 2)]::operator ()() const::[lambda(float) (instance 1)], std::array<char *, 2>>(int, T2, T3)","(128, 1, 1)","(2, 1, 1)",4352,0,2144,374,155,0,0,0,0,0,0,0,0,0,0,0,0,0,0,0,0,0,0,0,0,0,0,0,0,0,0,0,0
1,1024,prefill,14,1024,1024,33,post_norm,"void at::elementwise_kernel<128, 2, void at::gpu_kernel_impl_nocast<at::BinaryFunctor<float, float, float, binary_internal::MulFunctor<float>>>(at::TensorIteratorBase &, const T1 &)::[lambda(int) (instance 1)]>(int, T3)","(128, 1, 1)","(14336, 1, 1)",14699776,1872384,12736,687305,686232,0,0,0,0,0,0,0,0,0,0,0,0,0,0,0,0,0,0,0,0,0,0,0,0,0,0,0,0
1,1024,prefill,14,1024,1024,34,post_norm,"void at::vectorized_elementwise_kernel<4, at::bfloat16_copy_kernel_cuda(at::TensorIteratorBase &)::[lambda(float) (instance 1)], std::array<char *, 2>>(int, T2, T3)","(128, 1, 1)","(7168, 1, 1)",14685184,471296,7296,585672,343761,0,0,0,0,0,0,0,0,0,0,0,0,0,0,0,0,0,0,0,0,0,0,0,0,0,0,0,0
1,1024,prefill,14,1024,1024,35,post_norm,"void at::elementwise_kernel<128, 4, void at::gpu_kernel_impl_nocast<at::BinaryFunctor<c10::BFloat16, c10::BFloat16, c10::BFloat16, binary_internal::MulFunctor<float>>>(at::TensorIteratorBase &, const T1 &)::[lambda(int) (instance 1)]>(int, T3)","(128, 1, 1)","(7168, 1, 1)",7374336,0,11712,314864,345342,0,0,0,0,0,0,0,0,0,0,0,0,0,0,0,0,0,0,0,0,0,0,0,0,0,0,0,0
1,1024,prefill,14,1024,1024,36,gate_proj,sm90_xmma_gemm_bf16bf16_bf16f32_f32_tn_n_tilesize128x128x64_warpgroupsize1x1x1_execute_segment_k_off_kernel__5x_cublas,"(384, 1, 1)","(30, 4, 1)",145177600,53248768,188320,28596943,1821190,0,0,139049566208,0,0,0,0,0,0,0,0,0,0,0,0,0,0,0,0,0,139049566208,0,0,0,0,0,0,0
1,1024,prefill,14,1024,1024,37,mlp,"void at::vectorized_elementwise_kernel<4, at::<unnamed>::silu_kernel(at::TensorIteratorBase &)::[lambda() (instance 1)]::operator ()() const::[lambda() (instance 6)]::operator ()() const::[lambda(c10::BFloat16) (instance 1)], std::array<char *, 2>>(int, T2, T3)","(128, 1, 1)","(37888, 1, 1)",38809088,38649088,26944,1817664,1818977,0,0,0,0,0,0,0,0,0,0,0,0,0,0,0,0,0,0,0,0,0,0,0,0,0,0,0,0
1,1024,prefill,14,1024,1024,38,up_proj,sm90_xmma_gemm_bf16bf16_bf16f32_f32_tn_n_tilesize128x128x64_warpgroupsize1x1x1_execute_segment_k_off_kernel__5x_cublas,"(384, 1, 1)","(30, 4, 1)",145209344,53653248,188704,28599411,1821565,0,0,139049566208,0,0,0,0,0,0,0,0,0,0,0,0,0,0,0,0,0,139049566208,0,0,0,0,0,0,0
1,1024,prefill,14,1024,1024,39,mlp,"void at::vectorized_elementwise_kernel<4, at::BinaryFunctor<c10::BFloat16, c10::BFloat16, c10::BFloat16, binary_internal::MulFunctor<float>>, std::array<char *, 3>>(int, T2, T3)","(128, 1, 1)","(37888, 1, 1)",77604352,44154112,31360,3642665,1824363,0,0,0,0,0,0,0,0,0,0,0,0,0,0,0,0,0,0,0,0,0,0,0,0,0,0,0,0
1,1024,prefill,14,1024,1024,40,down_proj,sm90_xmma_gemm_bf16bf16_bf16f32_f32_tn_n_tilesize256x128x64_warpgroupsize2x1x1_execute_segment_k_off_kernel__5x_cublas,"(384, 1, 1)","(56, 2, 1)",174663936,12974848,194752,21218912,349636,0,0,139049566208,0,0,0,0,0,0,0,0,0,0,0,0,0,0,0,0,0,139049566208,0,0,0,0,0,0,0
1,1024,prefill,14,1024,1024,41,prefill_layer14,"void at::vectorized_elementwise_kernel<4, at::CUDAFunctor_add<c10::BFloat16>, std::array<char *, 3>>(int, T2, T3)","(128, 1, 1)","(7168, 1, 1)",14685440,512,7168,568956,345458,0,0,0,0,0,0,0,0,0,0,0,0,0,0,0,0,0,0,0,0,0,0,0,0,0,0,0,0
8,1024,decode,14,1,1029,0,input_norm,"void at::unrolled_elementwise_kernel<at::direct_copy_kernel_cuda(at::TensorIteratorBase &)::[lambda() (instance 3)]::operator ()() const::[lambda() (instance 7)]::operator ()() const::[lambda(float) (instance 1)], std::array<char *, 2>, 4, TrivialOffsetCalculator<1, unsigned int>, TrivialOffsetCalculator<1, unsigned int>, memory::LoadWithCast<1>, memory::StoreWithCast<1>>(int, T1, T2, T4, T5, T6, T7)","(128, 1, 1)","(56, 1, 1)",30464,0,3904,2418,5543,0,0,0,0,0,0,0,0,0,0,0,0,0,0,0,0,0,0,0,0,0,0,0,0,0,0,0,0
8,1024,decode,14,1,1029,1,input_norm,"void at::vectorized_elementwise_kernel<4, void at::<unnamed>::pow_tensor_scalar_kernel_impl<float, float>(at::TensorIteratorBase &, T2)::[lambda(float) (instance 1)], std::array<char *, 2>>(int, T2, T3)","(128, 1, 1)","(56, 1, 1)",3840,0,2304,4728,5499,0,0,0,0,0,0,0,0,0,0,0,0,0,0,0,0,0,0,0,0,0,0,0,0,0,0,0,0
8,1024,decode,14,1,1029,2,input_norm,"void at::reduce_kernel<512, 1, at::ReduceOp<float, at::MeanOps<float, float, float, float>, unsigned int, float, 4>>(T3)","(64, 8, 1)","(1, 1, 1)",62976,0,6272,5426,55,0,0,0,0,0,0,0,0,0,0,0,0,0,0,0,0,0,0,0,0,0,0,0,0,0,0,0,0
8,1024,decode,14,1,1029,3,input_norm,"void at::vectorized_elementwise_kernel<4, at::CUDAFunctorOnSelf_add<float>, std::array<char *, 2>>(int, T2, T3)","(128, 1, 1)","(1, 1, 1)",3840,0,2080,247,25,0,0,0,0,0,0,0,0,0,0,0,0,0,0,0,0,0,0,0,0,0,0,0,0,0,0,0,0
8,1024,decode,14,1,1029,4,input_norm,"void at::vectorized_elementwise_kernel<4, at::rsqrt_kernel_cuda(at::TensorIteratorBase &)::[lambda() (instance 2)]::operator ()() const::[lambda() (instance 2)]::operator ()() const::[lambda(float) (instance 1)], std::array<char *, 2>>(int, T2, T3)","(128, 1, 1)","(1, 1, 1)",4352,0,2240,247,26,0,0,0,0,0,0,0,0,0,0,0,0,0,0,0,0,0,0,0,0,0,0,0,0,0,0,0,0
8,1024,decode,14,1,1029,5,input_norm,"void at::elementwise_kernel<128, 2, void at::gpu_kernel_impl_nocast<at::BinaryFunctor<float, float, float, binary_internal::MulFunctor<float>>>(at::TensorIteratorBase &, const T1 &)::[lambda(int) (instance 1)]>(int, T3)","(128, 1, 1)","(112, 1, 1)",14336,0,2912,4910,5574,0,0,0,0,0,0,0,0,0,0,0,0,0,0,0,0,0,0,0,0,0,0,0,0,0,0,0,0
8,1024,decode,14,1,1029,6,input_norm,"void at::vectorized_elementwise_kernel<4, at::bfloat16_copy_kernel_cuda(at::TensorIteratorBase &)::[lambda(float) (instance 1)], std::array<char *, 2>>(int, T2, T3)","(128, 1, 1)","(56, 1, 1)",3840,0,2080,5334,2511,0,0,0,0,0,0,0,0,0,0,0,0,0,0,0,0,0,0,0,0,0,0,0,0,0,0,0,0
8,1024,decode,14,1,1029,7,input_norm,"void at::elementwise_kernel<128, 4, void at::gpu_kernel_impl_nocast<at::BinaryFunctor<c10::BFloat16, c10::BFloat16, c10::BFloat16, binary_internal::MulFunctor<float>>>(at::TensorIteratorBase &, const T1 &)::[lambda(int) (instance 1)]>(int, T3)","(128, 1, 1)","(56, 1, 1)",26624,0,3616,4366,2535,0,0,0,0,0,0,0,0,0,0,0,0,0,0,0,0,0,0,0,0,0,0,0,0,0,0,0,0
8,1024,decode,14,1,1029,8,q_proj,sm90_xmma_gemm_bf16bf16_bf16f32_f32_tn_n_tilesize64x64x64_warpgroupsize1x1x1_execute_segment_k_off_kernel__5x_cublas,"(384, 1, 1)","(56, 1, 1)",25736448,115968,13792,911812,2749,0,0,1644167168,0,0,0,0,0,0,0,0,0,0,0,0,0,0,0,0,0,1644167168,0,0,0,0,0,0,0
8,1024,decode,14,1,1029,9,k_proj,void cutlass::Kernel2<cutlass_80_wmma_tensorop_bf16_s161616gemm_bf16_16x16_128x1_tn_align8>(T1::Params),"(32, 1, 1)","(8, 4, 14)",3744000,0,6304,141084,5416,0,0,0,0,0,0,0,0,58720256,0,0,0,0,0,0,0,0,0,0,0,58720256,0,0,0,0,0,0,0
8,1024,decode,14,1,1029,10,k_proj,"void cublasLt::splitKreduce_kernel<32, 16, int, __nv_bfloat16, __nv_bfloat16, float, __nv_bfloat16, 1, 1, 0>(cublasLt::cublasSplitKParams<T6>, const T4 *, const T5 *, T5 *, const T6 *, const T6 *, const T7 *, const T4 *, T7 *, void *, long, T6 *, int *)","(32, 16, 1)","(16, 1, 1)",125952,0,4864,3872,807,0,0,0,0,0,0,0,0,0,0,0,0,0,0,0,0,0,0,0,0,0,0,0,0,0,0,0,0
8,1024,decode,14,1,1029,11,v_proj,void cutlass::Kernel2<cutlass_80_wmma_tensorop_bf16_s161616gemm_bf16_16x16_128x1_tn_align8>(T1::Params),"(32, 1, 1)","(8, 4, 14)",3743744,0,6336,141020,5415,0,0,0,0,0,0,0,0,58720256,0,0,0,0,0,0,0,0,0,0,0,58720256,0,0,0,0,0,0,0
8,1024,decode,14,1,1029,12,v_proj,"void cublasLt::splitKreduce_kernel<32, 16, int, __nv_bfloat16, __nv_bfloat16, float, __nv_bfloat16, 1, 1, 0>(cublasLt::cublasSplitKParams<T6>, const T4 *, const T5 *, T5 *, const T6 *, const T6 *, const T7 *, const T4 *, T7 *, void *, long, T6 *, int *)","(32, 16, 1)","(16, 1, 1)",125696,0,4640,3894,793,0,0,0,0,0,0,0,0,0,0,0,0,0,0,0,0,0,0,0,0,0,0,0,0,0,0,0,0
8,1024,decode,14,1,1029,13,attention,"void at::elementwise_kernel<128, 4, void at::gpu_kernel_impl_nocast<at::BinaryFunctor<c10::BFloat16, c10::BFloat16, c10::BFloat16, binary_internal::MulFunctor<float>>>(at::TensorIteratorBase &, const T1 &)::[lambda(int) (instance 1)]>(int, T3)","(128, 1, 1)","(56, 1, 1)",26624,0,3488,2872,2534,0,0,0,0,0,0,0,0,0,0,0,0,0,0,0,0,0,0,0,0,0,0,0,0,0,0,0,0
8,1024,decode,14,1,1029,14,attention,"void at::elementwise_kernel<128, 4, void at::gpu_kernel_impl_nocast<at::neg_kernel_cuda(at::TensorIteratorBase &)::[lambda() (instance 2)]::operator ()() const::[lambda() (instance 9)]::operator ()() const::[lambda(c10::BFloat16) (instance 1)]>(at::TensorIteratorBase &, const T1 &)::[lambda(int) (instance 1)]>(int, T3)","(128, 1, 1)","(28, 1, 1)",23296,0,3712,1446,1583,0,0,0,0,0,0,0,0,0,0,0,0,0,0,0,0,0,0,0,0,0,0,0,0,0,0,0,0
8,1024,decode,14,1,1029,15,attention,"void at::<unnamed>::CatArrayBatchedCopy<at::<unnamed>::OpaqueType<2>, unsigned int, 4, 64, 64>(T1 *, at::<unnamed>::CatArrInputTensorMetadata<T1, T2, T4, T5>, at::<unnamed>::TensorSizeStride<T2, 4>, int, T2)","(512, 1, 1)","(264, 2, 1)",7168,0,3904,3406,2690,0,0,0,0,0,0,0,0,0,0,0,0,0,0,0,0,0,0,0,0,0,0,0,0,0,0,0,0
8,1024,decode,14,1,1029,16,attention,"void at::elementwise_kernel<128, 4, void at::gpu_kernel_impl_nocast<at::BinaryFunctor<c10::BFloat16, c10::BFloat16, c10::BFloat16, binary_internal::MulFunctor<float>>>(at::TensorIteratorBase &, const T1 &)::[lambda(int) (instance 1)]>(int, T3)","(128, 1, 1)","(56, 1, 1)",26624,0,3552,3052,2931,0,0,0,0,0,0,0,0,0,0,0,0,0,0,0,0,0,0,0,0,0,0,0,0,0,0,0,0
8,1024,decode,14,1,1029,17,attention,"void at::vectorized_elementwise_kernel<4, at::CUDAFunctor_add<c10::BFloat16>, std::array<char *, 3>>(int, T2, T3)","(128, 1, 1)","(56, 1, 1)",4864,0,2400,4724,2766,0,0,0,0,0,0,0,0,0,0,0,0,0,0,0,0,0,0,0,0,0,0,0,0,0,0,0,0
8,1024,decode,14,1,1029,18,attention,"void at::elementwise_kernel<128, 4, void at::gpu_kernel_impl_nocast<at::BinaryFunctor<c10::BFloat16, c10::BFloat16, c10::BFloat16, binary_internal::MulFunctor<float>>>(at::TensorIteratorBase &, const T1 &)::[lambda(int) (instance 1)]>(int, T3)","(128, 1, 1)","(8, 1, 1)",26368,0,3232,702,432,0,0,0,0,0,0,0,0,0,0,0,0,0,0,0,0,0,0,0,0,0,0,0,0,0,0,0,0
8,1024,decode,14,1,1029,19,attention,"void at::elementwise_kernel<128, 4, void at::gpu_kernel_impl_nocast<at::neg_kernel_cuda(at::TensorIteratorBase &)::[lambda() (instance 2)]::operator ()() const::[lambda() (instance 9)]::operator ()() const::[lambda(c10::BFloat16) (instance 1)]>(at::TensorIteratorBase &, const T1 &)::[lambda(int) (instance 1)]>(int, T3)","(128, 1, 1)","(4, 1, 1)",23296,0,3808,522,270,0,0,0,0,0,0,0,0,0,0,0,0,0,0,0,0,0,0,0,0,0,0,0,0,0,0,0,0
8,1024,decode,14,1,1029,20,attention,"void at::<unnamed>::CatArrayBatchedCopy<at::<unnamed>::OpaqueType<2>, unsigned int, 4, 64, 64>(T1 *, at::<unnamed>::CatArrInputTensorMetadata<T1, T2, T4, T5>, at::<unnamed>::TensorSizeStride<T2, 4>, int, T2)","(512, 1, 1)","(264, 2, 1)",6912,0,3168,1508,414,0,0,0,0,0,0,0,0,0,0,0,0,0,0,0,0,0,0,0,0,0,0,0,0,0,0,0,0
8,1024,decode,14,1,1029,21,attention,"void at::elementwise_kernel<128, 4, void at::gpu_kernel_impl_nocast<at::BinaryFunctor<c10::BFloat16, c10::BFloat16, c10::BFloat16, binary_internal::MulFunctor<float>>>(at::TensorIteratorBase &, const T1 &)::[lambda(int) (instance 1)]>(int, T3)","(128, 1, 1)","(8, 1, 1)",26368,0,3104,674,402,0,0,0,0,0,0,0,0,0,0,0,0,0,0,0,0,0,0,0,0,0,0,0,0,0,0,0,0
8,1024,decode,14,1,1029,22,attention,"void at::vectorized_elementwise_kernel<4, at::CUDAFunctor_add<c10::BFloat16>, std::array<char *, 3>>(int, T2, T3)","(128, 1, 1)","(8, 1, 1)",4608,0,2368,758,398,0,0,0,0,0,0,0,0,0,0,0,0,0,0,0,0,0,0,0,0,0,0,0,0,0,0,0,0
8,1024,decode,14,1,1029,23,attention,"void at::<unnamed>::CatArrayBatchedCopy_contig<at::<unnamed>::OpaqueType<2>, unsigned int, 4, 128, 1>(T1 *, at::<unnamed>::CatArrInputTensorMetadata<T1, T2, T4, T5>, at::<unnamed>::TensorSizeStride<T2, 4>, int, T2)","(512, 1, 1)","(264, 2, 1)",8437504,53504,24416,343565,395750,0,0,0,0,0,0,0,0,0,0,0,0,0,0,0,0,0,0,0,0,0,0,0,0,0,0,0,0
8,1024,decode,14,1,1029,24,attention,"void at::<unnamed>::CatArrayBatchedCopy_contig<at::<unnamed>::OpaqueType<2>, unsigned int, 4, 128, 1>(T1 *, at::<unnamed>::CatArrInputTensorMetadata<T1, T2, T4, T5>, at::<unnamed>::TensorSizeStride<T2, 4>, int, T2)","(512, 1, 1)","(264, 2, 1)",8436480,26880,24288,348763,395615,0,0,0,0,0,0,0,0,0,0,0,0,0,0,0,0,0,0,0,0,0,0,0,0,0,0,0,0
8,1024,decode,14,1,1029,25,attention,"void at::elementwise_kernel<128, 4, void at::gpu_kernel_impl_nocast<at::direct_copy_kernel_cuda(at::TensorIteratorBase &)::[lambda() (instance 3)]::operator ()() const::[lambda() (instance 12)]::operator ()() const::[lambda(c10::BFloat16) (instance 1)]>(at::TensorIteratorBase &, const T1 &)::[lambda(int) (instance 1)]>(int, T3)","(128, 1, 1)","(57624, 1, 1)",8464384,55664128,60928,2060585,2767559,0,0,0,0,0,0,0,0,0,0,0,0,0,0,0,0,0,0,0,0,0,0,0,0,0,0,0,0
8,1024,decode,14,1,1029,26,attention,"void at::elementwise_kernel<128, 4, void at::gpu_kernel_impl_nocast<at::direct_copy_kernel_cuda(at::TensorIteratorBase &)::[lambda() (instance 3)]::operator ()() const::[lambda() (instance 12)]::operator ()() const::[lambda(c10::BFloat16) (instance 1)]>(at::TensorIteratorBase &, const T1 &)::[lambda(int) (instance 1)]>(int, T3)","(128, 1, 1)","(57624, 1, 1)",8463872,55962624,61024,2062279,2762506,0,0,0,0,0,0,0,0,0,0,0,0,0,0,0,0,0,0,0,0,0,0,0,0,0,0,0,0
8,1024,decode,14,1,1029,27,attention,"void pytorch_flash::flash_fwd_kernel<pytorch_flash::Flash_fwd_kernel_traits<128, 128, 64, 4, 0, 0, cutlass::bfloat16_t, pytorch_flash::Flash_kernel_traits<128, 128, 64, 4, cutlass::bfloat16_t>>, 0, 0, 0, 0, 0, 1, 0>(pytorch_flash::Flash_fwd_params)","(128, 1, 1)","(1, 8, 28)",118202880,5810688,59456,5539689,524731,0,0,0,0,0,0,0,0,15971909632,0,0,0,0,0,0,0,0,0,0,0,15971909632,0,0,0,0,0,0,0
8,1024,decode,14,1,1029,28,o_proj,void cutlass::Kernel2<cutlass_80_tensorop_bf16_s16816gemm_relu_bf16_64x64_64x4_tn_align8>(T1::Params),"(64, 1, 1)","(8, 7, 4)",25797632,91904,12608,869228,10769,0,0,0,0,0,0,0,0,1644167168,0,0,0,0,0,0,0,0,0,0,0,1644167168,0,0,0,0,0,0,0
8,1024,decode,14,1,1029,29,o_proj,"void cublasLt::splitKreduce_kernel<32, 16, int, __nv_bfloat16, __nv_bfloat16, float, __nv_bfloat16, 1, 0, 0>(cublasLt::cublasSplitKParams<T6>, const T4 *, const T5 *, T5 *, const T6 *, const T6 *, const T7 *, const T4 *, T7 *, void *, long, T6 *, int *)","(32, 16, 1)","(112, 1, 1)",238336,0,3264,7416,2557,0,0,0,0,0,0,0,0,0,0,0,0,0,0,0,0,0,0,0,0,0,0,0,0,0,0,0,0
8,1024,decode,14,1,1029,30,decode_layer14,"void at::vectorized_elementwise_kernel<4, at::CUDAFunctor_add<c10::BFloat16>, std::array<char *, 3>>(int, T2, T3)","(128, 1, 1)","(56, 1, 1)",4864,0,2432,4726,2525,0,0,0,0,0,0,0,0,0,0,0,0,0,0,0,0,0,0,0,0,0,0,0,0,0,0,0,0
8,1024,decode,14,1,1029,31,post_norm,"void at::unrolled_elementwise_kernel<at::direct_copy_kernel_cuda(at::TensorIteratorBase &)::[lambda() (instance 3)]::operator ()() const::[lambda() (instance 7)]::operator ()() const::[lambda(float) (instance 1)], std::array<char *, 2>, 4, TrivialOffsetCalculator<1, unsigned int>, TrivialOffsetCalculator<1, unsigned int>, memory::LoadWithCast<1>, memory::StoreWithCast<1>>(int, T1, T2, T4, T5, T6, T7)","(128, 1, 1)","(56, 1, 1)",30464,0,3808,2368,5264,0,0,0,0,0,0,0,0,0,0,0,0,0,0,0,0,0,0,0,0,0,0,0,0,0,0,0,0
8,1024,decode,14,1,1029,32,post_norm,"void at::vectorized_elementwise_kernel<4, void at::<unnamed>::pow_tensor_scalar_kernel_impl<float, float>(at::TensorIteratorBase &, T2)::[lambda(float) (instance 1)], std::array<char *, 2>>(int, T2, T3)","(128, 1, 1)","(56, 1, 1)",3840,0,2112,4600,5498,0,0,0,0,0,0,0,0,0,0,0,0,0,0,0,0,0,0,0,0,0,0,0,0,0,0,0,0
8,1024,decode,14,1,1029,33,post_norm,"void at::reduce_kernel<512, 1, at::ReduceOp<float, at::MeanOps<float, float, float, float>, unsigned int, float, 4>>(T3)","(64, 8, 1)","(1, 1, 1)",62976,0,5984,5428,44,0,0,0,0,0,0,0,0,0,0,0,0,0,0,0,0,0,0,0,0,0,0,0,0,0,0,0,0
8,1024,decode,14,1,1029,34,post_norm,"void at::vectorized_elementwise_kernel<4, at::CUDAFunctorOnSelf_add<float>, std::array<char *, 2>>(int, T2, T3)","(128, 1, 1)","(1, 1, 1)",3840,0,2272,251,28,0,0,0,0,0,0,0,0,0,0,0,0,0,0,0,0,0,0,0,0,0,0,0,0,0,0,0,0
8,1024,decode,14,1,1029,35,post_norm,"void at::vectorized_elementwise_kernel<4, at::rsqrt_kernel_cuda(at::TensorIteratorBase &)::[lambda() (instance 2)]::operator ()() const::[lambda() (instance 2)]::operator ()() const::[lambda(float) (instance 1)], std::array<char *, 2>>(int, T2, T3)","(128, 1, 1)","(1, 1, 1)",4352,0,2048,247,28,0,0,0,0,0,0,0,0,0,0,0,0,0,0,0,0,0,0,0,0,0,0,0,0,0,0,0,0
8,1024,decode,14,1,1029,36,post_norm,"void at::elementwise_kernel<128, 2, void at::gpu_kernel_impl_nocast<at::BinaryFunctor<float, float, float, binary_internal::MulFunctor<float>>>(at::TensorIteratorBase &, const T1 &)::[lambda(int) (instance 1)]>(int, T3)","(128, 1, 1)","(112, 1, 1)",14592,768,2848,4843,5562,0,0,0,0,0,0,0,0,0,0,0,0,0,0,0,0,0,0,0,0,0,0,0,0,0,0,0,0
8,1024,decode,14,1,1029,37,post_norm,"void at::vectorized_elementwise_kernel<4, at::bfloat16_copy_kernel_cuda(at::TensorIteratorBase &)::[lambda(float) (instance 1)], std::array<char *, 2>>(int, T2, T3)","(128, 1, 1)","(56, 1, 1)",3840,0,2080,5338,2514,0,0,0,0,0,0,0,0,0,0,0,0,0,0,0,0,0,0,0,0,0,0,0,0,0,0,0,0
8,1024,decode,14,1,1029,38,post_norm,"void at::elementwise_kernel<128, 4, void at::gpu_kernel_impl_nocast<at::BinaryFunctor<c10::BFloat16, c10::BFloat16, c10::BFloat16, binary_internal::MulFunctor<float>>>(at::TensorIteratorBase &, const T1 &)::[lambda(int) (instance 1)]>(int, T3)","(128, 1, 1)","(56, 1, 1)",26368,0,3520,4492,2934,0,0,0,0,0,0,0,0,0,0,0,0,0,0,0,0,0,0,0,0,0,0,0,0,0,0,0,0
8,1024,decode,14,1,1029,39,gate_proj,sm90_xmma_gemm_bf16bf16_bf16f32_f32_tn_n_tilesize64x64x64_warpgroupsize1x1x1_execute_segment_k_off_kernel__5x_cublas,"(384, 1, 1)","(120, 1, 1)",135870208,4658432,43520,6899327,14438,0,0,8690597888,0,0,0,0,0,0,0,0,0,0,0,0,0,0,0,0,0,8690597888,0,0,0,0,0,0,0
8,1024,decode,14,1,1029,40,mlp,"void at::vectorized_elementwise_kernel<4, at::<unnamed>::silu_kernel(at::TensorIteratorBase &)::[lambda() (instance 1)]::operator ()() const::[lambda() (instance 6)]::operator ()() const::[lambda(c10::BFloat16) (instance 1)], std::array<char *, 2>>(int, T2, T3)","(128, 1, 1)","(296, 1, 1)",8704,0,2816,12714,14661,0,0,0,0,0,0,0,0,0,0,0,0,0,0,0,0,0,0,0,0,0,0,0,0,0,0,0,0
8,1024,decode,14,1,1029,41,up_proj,sm90_xmma_gemm_bf16bf16_bf16f32_f32_tn_n_tilesize64x64x64_warpgroupsize1x1x1_execute_segment_k_off_kernel__5x_cublas,"(384, 1, 1)","(120, 1, 1)",135875584,4648704,42240,6899216,13960,0,0,8690597888,0,0,0,0,0,0,0,0,0,0,0,0,0,0,0,0,0,8690597888,0,0,0,0,0,0,0
8,1024,decode,14,1,1029,42,mlp,"void at::vectorized_elementwise_kernel<4, at::BinaryFunctor<c10::BFloat16, c10::BFloat16, c10::BFloat16, binary_internal::MulFunctor<float>>, std::array<char *, 3>>(int, T2, T3)","(128, 1, 1)","(296, 1, 1)",4608,0,2240,24472,14106,0,0,0,0,0,0,0,0,0,0,0,0,0,0,0,0,0,0,0,0,0,0,0,0,0,0,0,0
8,1024,decode,14,1,1029,43,down_proj,sm90_xmma_gemm_bf16bf16_bf16f32_f32_tn_n_tilesize64x64x64_warpgroupsize1x1x1_execute_segment_k_on_kernel__5x_cublas,"(384, 1, 1)","(112, 1, 1)",136011008,8781568,44256,6937250,89494,0,0,8690597888,0,0,0,0,0,0,0,0,0,0,0,0,0,0,0,0,0,8690597888,0,0,0,0,0,0,0
8,1024,decode,14,1,1029,44,decode_layer14,"void at::vectorized_elementwise_kernel<4, at::CUDAFunctor_add<c10::BFloat16>, std::array<char *, 3>>(int, T2, T3)","(128, 1, 1)","(56, 1, 1)",4864,0,2400,4476,2919,0,0,0,0,0,0,0,0,0,0,0,0,0,0,0,0,0,0,0,0,0,0,0,0,0,0,0,0
8,1024,prefill,14,1024,1024,0,input_norm,"void at::unrolled_elementwise_kernel<at::direct_copy_kernel_cuda(at::TensorIteratorBase &)::[lambda() (instance 3)]::operator ()() const::[lambda() (instance 7)]::operator ()() const::[lambda(float) (instance 1)], std::array<char *, 2>, 4, TrivialOffsetCalculator<1, unsigned int>, TrivialOffsetCalculator<1, unsigned int>, memory::LoadWithCast<1>, memory::StoreWithCast<1>>(int, T1, T2, T4, T5, T6, T7)","(128, 1, 1)","(57344, 1, 1)",58760448,114013184,83840,2753663,5505947,0,0,0,0,0,0,0,0,0,0,0,0,0,0,0,0,0,0,0,0,0,0,0,0,0,0,0,0
8,1024,prefill,14,1024,1024,1,input_norm,"void at::vectorized_elementwise_kernel<4, void at::<unnamed>::pow_tensor_scalar_kernel_impl<float, float>(at::TensorIteratorBase &, T2)::[lambda(float) (instance 1)], std::array<char *, 2>>(int, T2, T3)","(128, 1, 1)","(57344, 1, 1)",117451008,114769920,56576,5518936,5514904,0,0,0,0,0,0,0,0,0,0,0,0,0,0,0,0,0,0,0,0,0,0,0,0,0,0,0,0
8,1024,prefill,14,1024,1024,2,input_norm,"void at::reduce_kernel<512, 1, at::ReduceOp<float, at::MeanOps<float, float, float, float>, unsigned int, float, 4>>(T3)","(32, 16, 1)","(512, 1, 1)",117508096,4630784,34720,5505631,3301,0,0,0,0,0,0,0,0,0,0,0,0,0,0,0,0,0,0,0,0,0,0,0,0,0,0,0,0
8,1024,prefill,14,1024,1024,3,input_norm,"void at::vectorized_elementwise_kernel<4, at::CUDAFunctorOnSelf_add<float>, std::array<char *, 2>>(int, T2, T3)","(128, 1, 1)","(16, 1, 1)",3840,0,2112,1432,1518,0,0,0,0,0,0,0,0,0,0,0,0,0,0,0,0,0,0,0,0,0,0,0,0,0,0,0,0
8,1024,prefill,14,1024,1024,4,input_norm,"void at::vectorized_elementwise_kernel<4, at::rsqrt_kernel_cuda(at::TensorIteratorBase &)::[lambda() (instance 2)]::operator ()() const::[lambda() (instance 2)]::operator ()() const::[lambda(float) (instance 1)], std::array<char *, 2>>(int, T2, T3)","(128, 1, 1)","(16, 1, 1)",4352,0,2080,1386,1607,0,0,0,0,0,0,0,0,0,0,0,0,0,0,0,0,0,0,0,0,0,0,0,0,0,0,0,0
8,1024,prefill,14,1024,1024,5,input_norm,"void at::elementwise_kernel<128, 2, void at::gpu_kernel_impl_nocast<at::BinaryFunctor<float, float, float, binary_internal::MulFunctor<float>>>(at::TensorIteratorBase &, const T1 &)::[lambda(int) (instance 1)]>(int, T3)","(128, 1, 1)","(114688, 1, 1)",117501696,119594496,88832,5546212,5499987,0,0,0,0,0,0,0,0,0,0,0,0,0,0,0,0,0,0,0,0,0,0,0,0,0,0,0,0
8,1024,prefill,14,1024,1024,6,input_norm,"void at::vectorized_elementwise_kernel<4, at::bfloat16_copy_kernel_cuda(at::TensorIteratorBase &)::[lambda(float) (instance 1)], std::array<char *, 2>>(int, T2, T3)","(128, 1, 1)","(57344, 1, 1)",117450496,66214912,44608,5504512,2751055,0,0,0,0,0,0,0,0,0,0,0,0,0,0,0,0,0,0,0,0,0,0,0,0,0,0,0,0
8,1024,prefill,14,1024,1024,7,input_norm,"void at::elementwise_kernel<128, 4, void at::gpu_kernel_impl_nocast<at::BinaryFunctor<c10::BFloat16, c10::BFloat16, c10::BFloat16, binary_internal::MulFunctor<float>>>(at::TensorIteratorBase &, const T1 &)::[lambda(int) (instance 1)]>(int, T3)","(128, 1, 1)","(57344, 1, 1)",58767104,63264512,73664,2788687,2747949,0,0,0,0,0,0,0,0,0,0,0,0,0,0,0,0,0,0,0,0,0,0,0,0,0,0,0,0
8,1024,prefill,14,1024,1024,8,q_proj,sm90_xmma_gemm_bf16bf16_bf16f32_f32_tn_n_tilesize128x128x64_warpgroupsize1x1x1_execute_segment_k_off_kernel__5x_cublas,"(384, 1, 1)","(14, 8, 1)",173870336,73131008,286592,36281833,2754886,0,0,210453397504,0,0,0,0,0,0,0,0,0,0,0,0,0,0,0,0,0,210453397504,0,0,0,0,0,0,0
8,1024,prefill,14,1024,1024,9,k_proj,sm90_xmma_gemm_bf16bf16_bf16f32_f32_tn_n_tilesize128x256x64_warpgroupsize2x1x1_execute_segment_k_off_kernel__5x_cublas,"(384, 1, 1)","(64, 2, 1)",62464512,10835712,44128,8629601,393948,0,0,30064771072,0,0,0,0,0,0,0,0,0,0,0,0,0,0,0,0,0,30064771072,0,0,0,0,0,0,0
8,1024,prefill,14,1024,1024,10,v_proj,sm90_xmma_gemm_bf16bf16_bf16f32_f32_tn_n_tilesize128x256x64_warpgroupsize2x1x1_execute_segment_k_off_kernel__5x_cublas,"(384, 1, 1)","(64, 2, 1)",62464256,10973184,44448,8673937,393939,0,0,30064771072,0,0,0,0,0,0,0,0,0,0,0,0,0,0,0,0,0,30064771072,0,0,0,0,0,0,0
8,1024,prefill,14,1024,1024,11,attention,"void at::elementwise_kernel<128, 4, void at::gpu_kernel_impl_nocast<at::BinaryFunctor<c10::BFloat16, c10::BFloat16, c10::BFloat16, binary_internal::MulFunctor<float>>>(at::TensorIteratorBase &, const T1 &)::[lambda(int) (instance 1)]>(int, T3)","(128, 1, 1)","(57344, 1, 1)",59026688,62762496,91648,3173210,2750799,0,0,0,0,0,0,0,0,0,0,0,0,0,0,0,0,0,0,0,0,0,0,0,0,0,0,0,0
8,1024,prefill,14,1024,1024,12,attention,"void at::elementwise_kernel<128, 4, void at::gpu_kernel_impl_nocast<at::neg_kernel_cuda(at::TensorIteratorBase &)::[lambda() (instance 2)]::operator ()() const::[lambda() (instance 9)]::operator ()() const::[lambda(c10::BFloat16) (instance 1)]>(at::TensorIteratorBase &, const T1 &)::[lambda(int) (instance 1)]>(int, T3)","(128, 1, 1)","(28672, 1, 1)",29389568,31314688,38944,1375217,1380757,0,0,0,0,0,0,0,0,0,0,0,0,0,0,0,0,0,0,0,0,0,0,0,0,0,0,0,0
8,1024,prefill,14,1024,1024,13,attention,"void at::<unnamed>::CatArrayBatchedCopy<at::<unnamed>::OpaqueType<2>, unsigned int, 4, 64, 64>(T1 *, at::<unnamed>::CatArrInputTensorMetadata<T1, T2, T4, T5>, at::<unnamed>::TensorSizeStride<T2, 4>, int, T2)","(512, 1, 1)","(264, 2, 1)",58740480,62713856,121088,2754447,2754467,0,0,0,0,0,0,0,0,0,0,0,0,0,0,0,0,0,0,0,0,0,0,0,0,0,0,0,0
8,1024,prefill,14,1024,1024,14,attention,"void at::elementwise_kernel<128, 4, void at::gpu_kernel_impl_nocast<at::BinaryFunctor<c10::BFloat16, c10::BFloat16, c10::BFloat16, binary_internal::MulFunctor<float>>>(at::TensorIteratorBase &, const T1 &)::[lambda(int) (instance 1)]>(int, T3)","(128, 1, 1)","(57344, 1, 1)",59018496,62758400,73728,4153307,2749258,0,0,0,0,0,0,0,0,0,0,0,0,0,0,0,0,0,0,0,0,0,0,0,0,0,0,0,0
8,1024,prefill,14,1024,1024,15,attention,"void at::elementwise_kernel<128, 4, void at::gpu_kernel_impl_nocast<at::CUDAFunctor_add<c10::BFloat16>>(at::TensorIteratorBase &, const T1 &)::[lambda(int) (instance 1)]>(int, T3)","(128, 1, 1)","(57344, 1, 1)",117480192,69342464,96032,5506373,2748750,0,0,0,0,0,0,0,0,0,0,0,0,0,0,0,0,0,0,0,0,0,0,0,0,0,0,0,0
8,1024,prefill,14,1024,1024,16,attention,"void at::elementwise_kernel<128, 4, void at::gpu_kernel_impl_nocast<at::BinaryFunctor<c10::BFloat16, c10::BFloat16, c10::BFloat16, binary_internal::MulFunctor<float>>>(at::TensorIteratorBase &, const T1 &)::[lambda(int) (instance 1)]>(int, T3)","(128, 1, 1)","(8192, 1, 1)",8678144,3328,16192,396564,393385,0,0,0,0,0,0,0,0,0,0,0,0,0,0,0,0,0,0,0,0,0,0,0,0,0,0,0,0
8,1024,prefill,14,1024,1024,17,attention,"void at::elementwise_kernel<128, 4, void at::gpu_kernel_impl_nocast<at::neg_kernel_cuda(at::TensorIteratorBase &)::[lambda() (instance 2)]::operator ()() const::[lambda() (instance 9)]::operator ()() const::[lambda(c10::BFloat16) (instance 1)]>(at::TensorIteratorBase &, const T1 &)::[lambda(int) (instance 1)]>(int, T3)","(128, 1, 1)","(4096, 1, 1)",4218368,0,8416,164546,197141,0,0,0,0,0,0,0,0,0,0,0,0,0,0,0,0,0,0,0,0,0,0,0,0,0,0,0,0
8,1024,prefill,14,1024,1024,18,attention,"void at::<unnamed>::CatArrayBatchedCopy<at::<unnamed>::OpaqueType<2>, unsigned int, 4, 64, 64>(T1 *, at::<unnamed>::CatArrInputTensorMetadata<T1, T2, T4, T5>, at::<unnamed>::TensorSizeStride<T2, 4>, int, T2)","(512, 1, 1)","(264, 2, 1)",8401920,512,20608,311095,393180,0,0,0,0,0,0,0,0,0,0,0,0,0,0,0,0,0,0,0,0,0,0,0,0,0,0,0,0
8,1024,prefill,14,1024,1024,19,attention,"void at::elementwise_kernel<128, 4, void at::gpu_kernel_impl_nocast<at::BinaryFunctor<c10::BFloat16, c10::BFloat16, c10::BFloat16, binary_internal::MulFunctor<float>>>(at::TensorIteratorBase &, const T1 &)::[lambda(int) (instance 1)]>(int, T3)","(128, 1, 1)","(8192, 1, 1)",8678656,1280,12704,555838,394929,0,0,0,0,0,0,0,0,0,0,0,0,0,0,0,0,0,0,0,0,0,0,0,0,0,0,0,0
8,1024,prefill,14,1024,1024,20,attention,"void at::elementwise_kernel<128, 4, void at::gpu_kernel_impl_nocast<at::CUDAFunctor_add<c10::BFloat16>>(at::TensorIteratorBase &, const T1 &)::[lambda(int) (instance 1)]>(int, T3)","(128, 1, 1)","(8192, 1, 1)",16805632,85760,16768,659896,394141,0,0,0,0,0,0,0,0,0,0,0,0,0,0,0,0,0,0,0,0,0,0,0,0,0,0,0,0
8,1024,prefill,14,1024,1024,21,attention,"void at::elementwise_kernel<128, 4, void at::gpu_kernel_impl_nocast<at::direct_copy_kernel_cuda(at::TensorIteratorBase &)::[lambda() (instance 3)]::operator ()() const::[lambda() (instance 12)]::operator ()() const::[lambda(c10::BFloat16) (instance 1)]>(at::TensorIteratorBase &, const T1 &)::[lambda(int) (instance 1)]>(int, T3)","(128, 1, 1)","(57344, 1, 1)",8422656,55561472,84768,2036650,2762981,0,0,0,0,0,0,0,0,0,0,0,0,0,0,0,0,0,0,0,0,0,0,0,0,0,0,0,0
8,1024,prefill,14,1024,1024,22,attention,"void at::elementwise_kernel<128, 4, void at::gpu_kernel_impl_nocast<at::direct_copy_kernel_cuda(at::TensorIteratorBase &)::[lambda() (instance 3)]::operator ()() const::[lambda() (instance 12)]::operator ()() const::[lambda(c10::BFloat16) (instance 1)]>(at::TensorIteratorBase &, const T1 &)::[lambda(int) (instance 1)]>(int, T3)","(128, 1, 1)","(57344, 1, 1)",8422656,55551232,84864,2035831,2751519,0,0,0,0,0,0,0,0,0,0,0,0,0,0,0,0,0,0,0,0,0,0,0,0,0,0,0,0
8,1024,prefill,14,1024,1024,23,attention,"void at::elementwise_kernel<128, 4, void at::gpu_kernel_impl_nocast<at::direct_copy_kernel_cuda(at::TensorIteratorBase &)::[lambda() (instance 3)]::operator ()() const::[lambda() (instance 12)]::operator ()() const::[lambda(c10::BFloat16) (instance 1)]>(at::TensorIteratorBase &, const T1 &)::[lambda(int) (instance 1)]>(int, T3)","(128, 1, 1)","(57344, 1, 1)",58754048,62980352,81216,2751649,2744814,0,0,0,0,0,0,0,0,0,0,0,0,0,0,0,0,0,0,0,0,0,0,0,0,0,0,0,0
8,1024,prefill,14,1024,1024,24,attention,"void pytorch_flash::flash_fwd_kernel<pytorch_flash::Flash_fwd_kernel_traits<128, 128, 64, 4, 0, 0, cutlass::bfloat16_t, pytorch_flash::Flash_kernel_traits<128, 128, 64, 4, cutlass::bfloat16_t>>, 0, 1, 0, 0, 1, 1, 0>(pytorch_flash::Flash_fwd_params)","(128, 1, 1)","(8, 8, 28)",200945152,90307072,259616,22938387,7676153,0,0,0,0,0,0,0,0,67645734912,0,0,0,0,0,0,0,0,0,0,0,67645734912,0,0,0,0,0,0,0
8,1024,prefill,14,1024,1024,25,attention,"void at::elementwise_kernel<128, 4, void at::gpu_kernel_impl_nocast<at::direct_copy_kernel_cuda(at::TensorIteratorBase &)::[lambda() (instance 3)]::operator ()() const::[lambda() (instance 12)]::operator ()() const::[lambda(c10::BFloat16) (instance 1)]>(at::TensorIteratorBase &, const T1 &)::[lambda(int) (instance 1)]>(int, T3)","(128, 1, 1)","(57344, 1, 1)",58754560,62432000,81696,2753253,2755403,0,0,0,0,0,0,0,0,0,0,0,0,0,0,0,0,0,0,0,0,0,0,0,0,0,0,0,0
8,1024,prefill,14,1024,1024,26,o_proj,sm90_xmma_gemm_bf16bf16_bf16f32_f32_tn_n_tilesize128x128x64_warpgroupsize1x1x1_execute_segment_k_off_kernel__5x_cublas,"(384, 1, 1)","(60, 2, 1)",200366848,74903040,276192,44429999,2752661,0,0,210453397504,0,0,0,0,0,0,0,0,0,0,0,0,0,0,0,0,0,210453397504,0,0,0,0,0,0,0
8,1024,prefill,14,1024,1024,27,prefill_layer14,"void at::vectorized_elementwise_kernel<4, at::CUDAFunctor_add<c10::BFloat16>, std::array<char *, 3>>(int, T2, T3)","(128, 1, 1)","(57344, 1, 1)",117450496,65698560,45760,5501902,2748108,0,0,0,0,0,0,0,0,0,0,0,0,0,0,0,0,0,0,0,0,0,0,0,0,0,0,0,0
8,1024,prefill,14,1024,1024,28,post_norm,"void at::unrolled_elementwise_kernel<at::direct_copy_kernel_cuda(at::TensorIteratorBase &)::[lambda() (instance 3)]::operator ()() const::[lambda() (instance 7)]::operator ()() const::[lambda(float) (instance 1)], std::array<char *, 2>, 4, TrivialOffsetCalculator<1, unsigned int>, TrivialOffsetCalculator<1, unsigned int>, memory::LoadWithCast<1>, memory::StoreWithCast<1>>(int, T1, T2, T4, T5, T6, T7)","(128, 1, 1)","(57344, 1, 1)",58763776,113418752,83648,2752119,5502139,0,0,0,0,0,0,0,0,0,0,0,0,0,0,0,0,0,0,0,0,0,0,0,0,0,0,0,0
8,1024,prefill,14,1024,1024,29,post_norm,"void at::vectorized_elementwise_kernel<4, void at::<unnamed>::pow_tensor_scalar_kernel_impl<float, float>(at::TensorIteratorBase &, T2)::[lambda(float) (instance 1)], std::array<char *, 2>>(int, T2, T3)","(128, 1, 1)","(57344, 1, 1)",117450752,114792960,56928,5500750,5507425,0,0,0,0,0,0,0,0,0,0,0,0,0,0,0,0,0,0,0,0,0,0,0,0,0,0,0,0
8,1024,prefill,14,1024,1024,30,post_norm,"void at::reduce_kernel<512, 1, at::ReduceOp<float, at::MeanOps<float, float, float, float>, unsigned int, float, 4>>(T3)","(32, 16, 1)","(512, 1, 1)",117509120,4543488,35008,5505643,3077,0,0,0,0,0,0,0,0,0,0,0,0,0,0,0,0,0,0,0,0,0,0,0,0,0,0,0,0
8,1024,prefill,14,1024,1024,31,post_norm,"void at::vectorized_elementwise_kernel<4, at::CUDAFunctorOnSelf_add<float>, std::array<char *, 2>>(int, T2, T3)","(128, 1, 1)","(16, 1, 1)",3840,0,2080,1434,1497,0,0,0,0,0,0,0,0,0,0,0,0,0,0,0,0,0,0,0,0,0,0,0,0,0,0,0,0
8,1024,prefill,14,1024,1024,32,post_norm,"void at::vectorized_elementwise_kernel<4, at::rsqrt_kernel_cuda(at::TensorIteratorBase &)::[lambda() (instance 2)]::operator ()() const::[lambda() (instance 2)]::operator ()() const::[lambda(float) (instance 1)], std::array<char *, 2>>(int, T2, T3)","(128, 1, 1)","(16, 1, 1)",4096,0,2048,1382,1615,0,0,0,0,0,0,0,0,0,0,0,0,0,0,0,0,0,0,0,0,0,0,0,0,0,0,0,0
8,1024,prefill,14,1024,1024,33,post_norm,"void at::elementwise_kernel<128, 2, void at::gpu_kernel_impl_nocast<at::BinaryFunctor<float, float, float, binary_internal::MulFunctor<float>>>(at::TensorIteratorBase &, const T1 &)::[lambda(int) (instance 1)]>(int, T3)","(128, 1, 1)","(114688, 1, 1)",117500416,119615744,88960,5541868,5510267,0,0,0,0,0,0,0,0,0,0,0,0,0,0,0,0,0,0,0,0,0,0,0,0,0,0,0,0
8,1024,prefill,14,1024,1024,34,post_norm,"void at::vectorized_elementwise_kernel<4, at::bfloat16_copy_kernel_cuda(at::TensorIteratorBase &)::[lambda(float) (instance 1)], std::array<char *, 2>>(int, T2, T3)","(128, 1, 1)","(57344, 1, 1)",117450496,66587648,45632,5497732,2754766,0,0,0,0,0,0,0,0,0,0,0,0,0,0,0,0,0,0,0,0,0,0,0,0,0,0,0,0
8,1024,prefill,14,1024,1024,35,post_norm,"void at::elementwise_kernel<128, 4, void at::gpu_kernel_impl_nocast<at::BinaryFunctor<c10::BFloat16, c10::BFloat16, c10::BFloat16, binary_internal::MulFunctor<float>>>(at::TensorIteratorBase &, const T1 &)::[lambda(int) (instance 1)]>(int, T3)","(128, 1, 1)","(57344, 1, 1)",58772224,63021056,73024,2784745,2753213,0,0,0,0,0,0,0,0,0,0,0,0,0,0,0,0,0,0,0,0,0,0,0,0,0,0,0,0
8,1024,prefill,14,1024,1024,36,gate_proj,sm90_xmma_gemm_bf16bf16_bf16f32_f32_tn_n_tilesize128x128x64_warpgroupsize1x1x1_execute_segment_k_off_kernel__5x_cublas,"(384, 1, 1)","(14, 8, 1)",1065388544,326204928,1456608,188020689,14549514,0,0,1112396529664,0,0,0,0,0,0,0,0,0,0,0,0,0,0,0,0,0,1112396529664,0,0,0,0,0,0,0
8,1024,prefill,14,1024,1024,37,mlp,"void at::vectorized_elementwise_kernel<4, at::<unnamed>::silu_kernel(at::TensorIteratorBase &)::[lambda() (instance 1)]::operator ()() const::[lambda() (instance 6)]::operator ()() const::[lambda(c10::BFloat16) (instance 1)], std::array<char *, 2>>(int, T2, T3)","(128, 1, 1)","(303104, 1, 1)",310414592,312149504,190400,14558259,14542808,0,0,0,0,0,0,0,0,0,0,0,0,0,0,0,0,0,0,0,0,0,0,0,0,0,0,0,0
8,1024,prefill,14,1024,1024,38,up_proj,sm90_xmma_gemm_bf16bf16_bf16f32_f32_tn_n_tilesize128x128x64_warpgroupsize1x1x1_execute_segment_k_off_kernel__5x_cublas,"(384, 1, 1)","(14, 8, 1)",1064812800,326177792,1458144,187952695,14562407,0,0,1112396529664,0,0,0,0,0,0,0,0,0,0,0,0,0,0,0,0,0,1112396529664,0,0,0,0,0,0,0
8,1024,prefill,14,1024,1024,39,mlp,"void at::vectorized_elementwise_kernel<4, at::BinaryFunctor<c10::BFloat16, c10::BFloat16, c10::BFloat16, binary_internal::MulFunctor<float>>, std::array<char *, 3>>(int, T2, T3)","(128, 1, 1)","(303104, 1, 1)",620783104,317735680,216736,29114391,14534312,0,0,0,0,0,0,0,0,0,0,0,0,0,0,0,0,0,0,0,0,0,0,0,0,0,0,0,0
8,1024,prefill,14,1024,1024,40,down_proj,sm90_xmma_gemm_bf16bf16_bf16f32_f32_tn_n_tilesize128x256x64_warpgroupsize2x1x1_execute_segment_k_off_kernel__5x_cublas,"(384, 1, 1)","(66, 2, 1)",1270867200,75976192,1367936,299303868,2775569,0,0,1112396529664,0,0,0,0,0,0,0,0,0,0,0,0,0,0,0,0,0,1112396529664,0,0,0,0,0,0,0
8,1024,prefill,14,1024,1024,41,prefill_layer14,"void at::vectorized_elementwise_kernel<4, at::CUDAFunctor_add<c10::BFloat16>, std::array<char *, 3>>(int, T2, T3)","(128, 1, 1)","(57344, 1, 1)",117452288,66233856,44864,5505350,2753715,0,0,0,0,0,0,0,0,0,0,0,0,0,0,0,0,0,0,0,0,0,0,0,0,0,0,0,0
8,4096,decode,14,1,4101,0,input_norm,"void at::unrolled_elementwise_kernel<at::direct_copy_kernel_cuda(at::TensorIteratorBase &)::[lambda() (instance 3)]::operator ()() const::[lambda() (instance 7)]::operator ()() const::[lambda(float) (instance 1)], std::array<char *, 2>, 4, TrivialOffsetCalculator<1, unsigned int>, TrivialOffsetCalculator<1, unsigned int>, memory::LoadWithCast<1>, memory::StoreWithCast<1>>(int, T1, T2, T4, T5, T6, T7)","(128, 1, 1)","(56, 1, 1)",87552,0,4640,3178,5542,0,0,0,0,0,0,0,0,0,0,0,0,0,0,0,0,0,0,0,0,0,0,0,0,0,0,0,0
8,4096,decode,14,1,4101,1,input_norm,"void at::vectorized_elementwise_kernel<4, void at::<unnamed>::pow_tensor_scalar_kernel_impl<float, float>(at::TensorIteratorBase &, T2)::[lambda(float) (instance 1)], std::array<char *, 2>>(int, T2, T3)","(128, 1, 1)","(56, 1, 1)",118528,0,2816,5748,5522,0,0,0,0,0,0,0,0,0,0,0,0,0,0,0,0,0,0,0,0,0,0,0,0,0,0,0,0
8,4096,decode,14,1,4101,2,input_norm,"void at::reduce_kernel<512, 1, at::ReduceOp<float, at::MeanOps<float, float, float, float>, unsigned int, float, 4>>(T3)","(64, 8, 1)","(1, 1, 1)",175360,512,8544,5963,214,0,0,0,0,0,0,0,0,0,0,0,0,0,0,0,0,0,0,0,0,0,0,0,0,0,0,0,0
8,4096,decode,14,1,4101,3,input_norm,"void at::vectorized_elementwise_kernel<4, at::CUDAFunctorOnSelf_add<float>, std::array<char *, 2>>(int, T2, T3)","(128, 1, 1)","(1, 1, 1)",4096,0,2944,251,84,0,0,0,0,0,0,0,0,0,0,0,0,0,0,0,0,0,0,0,0,0,0,0,0,0,0,0,0
8,4096,decode,14,1,4101,4,input_norm,"void at::vectorized_elementwise_kernel<4, at::rsqrt_kernel_cuda(at::TensorIteratorBase &)::[lambda() (instance 2)]::operator ()() const::[lambda() (instance 2)]::operator ()() const::[lambda(float) (instance 1)], std::array<char *, 2>>(int, T2, T3)","(128, 1, 1)","(1, 1, 1)",4608,0,2528,255,10,0,0,0,0,0,0,0,0,0,0,0,0,0,0,0,0,0,0,0,0,0,0,0,0,0,0,0,0
8,4096,decode,14,1,4101,5,input_norm,"void at::elementwise_kernel<128, 2, void at::gpu_kernel_impl_nocast<at::BinaryFunctor<float, float, float, binary_internal::MulFunctor<float>>>(at::TensorIteratorBase &, const T1 &)::[lambda(int) (instance 1)]>(int, T3)","(128, 1, 1)","(112, 1, 1)",128768,0,3360,5866,5381,0,0,0,0,0,0,0,0,0,0,0,0,0,0,0,0,0,0,0,0,0,0,0,0,0,0,0,0
8,4096,decode,14,1,4101,6,input_norm,"void at::vectorized_elementwise_kernel<4, at::bfloat16_copy_kernel_cuda(at::TensorIteratorBase &)::[lambda(float) (instance 1)], std::array<char *, 2>>(int, T2, T3)","(128, 1, 1)","(56, 1, 1)",116736,0,2400,5738,2514,0,0,0,0,0,0,0,0,0,0,0,0,0,0,0,0,0,0,0,0,0,0,0,0,0,0,0,0
8,4096,decode,14,1,4101,7,input_norm,"void at::elementwise_kernel<128, 4, void at::gpu_kernel_impl_nocast<at::BinaryFunctor<c10::BFloat16, c10::BFloat16, c10::BFloat16, binary_internal::MulFunctor<float>>>(at::TensorIteratorBase &, const T1 &)::[lambda(int) (instance 1)]>(int, T3)","(128, 1, 1)","(56, 1, 1)",92416,0,4768,4874,2535,0,0,0,0,0,0,0,0,0,0,0,0,0,0,0,0,0,0,0,0,0,0,0,0,0,0,0,0
8,4096,decode,14,1,4101,8,q_proj,sm90_xmma_gemm_bf16bf16_bf16f32_f32_tn_n_tilesize64x64x64_warpgroupsize1x1x1_execute_segment_k_off_kernel__5x_cublas,"(384, 1, 1)","(56, 1, 1)",25800960,2048,12832,906356,2768,0,0,1644167168,0,0,0,0,0,0,0,0,0,0,0,0,0,0,0,0,0,1644167168,0,0,0,0,0,0,0
8,4096,decode,14,1,4101,9,k_proj,void cutlass::Kernel2<cutlass_80_wmma_tensorop_bf16_s161616gemm_bf16_16x16_128x1_tn_align8>(T1::Params),"(32, 1, 1)","(8, 4, 14)",3743744,0,5952,141134,5400,0,0,0,0,0,0,0,0,58720256,0,0,0,0,0,0,0,0,0,0,0,58720256,0,0,0,0,0,0,0
8,4096,decode,14,1,4101,10,k_proj,"void cublasLt::splitKreduce_kernel<32, 16, int, __nv_bfloat16, __nv_bfloat16, float, __nv_bfloat16, 1, 1, 0>(cublasLt::cublasSplitKParams<T6>, const T4 *, const T5 *, T5 *, const T6 *, const T6 *, const T7 *, const T4 *, T7 *, void *, long, T6 *, int *)","(32, 16, 1)","(16, 1, 1)",126464,0,4480,3880,799,0,0,0,0,0,0,0,0,0,0,0,0,0,0,0,0,0,0,0,0,0,0,0,0,0,0,0,0
8,4096,decode,14,1,4101,11,v_proj,void cutlass::Kernel2<cutlass_80_wmma_tensorop_bf16_s161616gemm_bf16_16x16_128x1_tn_align8>(T1::Params),"(32, 1, 1)","(8, 4, 14)",3743744,0,5984,141570,5412,0,0,0,0,0,0,0,0,58720256,0,0,0,0,0,0,0,0,0,0,0,58720256,0,0,0,0,0,0,0
8,4096,decode,14,1,4101,12,v_proj,"void cublasLt::splitKreduce_kernel<32, 16, int, __nv_bfloat16, __nv_bfloat16, float, __nv_bfloat16, 1, 1, 0>(cublasLt::cublasSplitKParams<T6>, const T4 *, const T5 *, T5 *, const T6 *, const T6 *, const T7 *, const T4 *, T7 *, void *, long, T6 *, int *)","(32, 16, 1)","(16, 1, 1)",125952,0,4352,3896,798,0,0,0,0,0,0,0,0,0,0,0,0,0,0,0,0,0,0,0,0,0,0,0,0,0,0,0,0
8,4096,decode,14,1,4101,13,attention,"void at::elementwise_kernel<128, 4, void at::gpu_kernel_impl_nocast<at::BinaryFunctor<c10::BFloat16, c10::BFloat16, c10::BFloat16, binary_internal::MulFunctor<float>>>(at::TensorIteratorBase &, const T1 &)::[lambda(int) (instance 1)]>(int, T3)","(128, 1, 1)","(56, 1, 1)",83968,0,4384,3272,2878,0,0,0,0,0,0,0,0,0,0,0,0,0,0,0,0,0,0,0,0,0,0,0,0,0,0,0,0
8,4096,decode,14,1,4101,14,attention,"void at::elementwise_kernel<128, 4, void at::gpu_kernel_impl_nocast<at::neg_kernel_cuda(at::TensorIteratorBase &)::[lambda() (instance 2)]::operator ()() const::[lambda() (instance 9)]::operator ()() const::[lambda(c10::BFloat16) (instance 1)]>(at::TensorIteratorBase &, const T1 &)::[lambda(int) (instance 1)]>(int, T3)","(128, 1, 1)","(28, 1, 1)",51712,0,4320,1708,1564,0,0,0,0,0,0,0,0,0,0,0,0,0,0,0,0,0,0,0,0,0,0,0,0,0,0,0,0
8,4096,decode,14,1,4101,15,attention,"void at::<unnamed>::CatArrayBatchedCopy<at::<unnamed>::OpaqueType<2>, unsigned int, 4, 64, 64>(T1 *, at::<unnamed>::CatArrInputTensorMetadata<T1, T2, T4, T5>, at::<unnamed>::TensorSizeStride<T2, 4>, int, T2)","(512, 1, 1)","(264, 2, 1)",64512,0,3808,3910,2687,0,0,0,0,0,0,0,0,0,0,0,0,0,0,0,0,0,0,0,0,0,0,0,0,0,0,0,0
8,4096,decode,14,1,4101,16,attention,"void at::elementwise_kernel<128, 4, void at::gpu_kernel_impl_nocast<at::BinaryFunctor<c10::BFloat16, c10::BFloat16, c10::BFloat16, binary_internal::MulFunctor<float>>>(at::TensorIteratorBase &, const T1 &)::[lambda(int) (instance 1)]>(int, T3)","(128, 1, 1)","(56, 1, 1)",82944,0,4224,3266,2926,0,0,0,0,0,0,0,0,0,0,0,0,0,0,0,0,0,0,0,0,0,0,0,0,0,0,0,0
8,4096,decode,14,1,4101,17,attention,"void at::vectorized_elementwise_kernel<4, at::CUDAFunctor_add<c10::BFloat16>, std::array<char *, 3>>(int, T2, T3)","(128, 1, 1)","(56, 1, 1)",118528,0,2592,6008,2513,0,0,0,0,0,0,0,0,0,0,0,0,0,0,0,0,0,0,0,0,0,0,0,0,0,0,0,0
8,4096,decode,14,1,4101,18,attention,"void at::elementwise_kernel<128, 4, void at::gpu_kernel_impl_nocast<at::BinaryFunctor<c10::BFloat16, c10::BFloat16, c10::BFloat16, binary_internal::MulFunctor<float>>>(at::TensorIteratorBase &, const T1 &)::[lambda(int) (instance 1)]>(int, T3)","(128, 1, 1)","(8, 1, 1)",35072,0,4128,812,430,0,0,0,0,0,0,0,0,0,0,0,0,0,0,0,0,0,0,0,0,0,0,0,0,0,0,0,0
8,4096,decode,14,1,4101,19,attention,"void at::elementwise_kernel<128, 4, void at::gpu_kernel_impl_nocast<at::neg_kernel_cuda(at::TensorIteratorBase &)::[lambda() (instance 2)]::operator ()() const::[lambda() (instance 9)]::operator ()() const::[lambda(c10::BFloat16) (instance 1)]>(at::TensorIteratorBase &, const T1 &)::[lambda(int) (instance 1)]>(int, T3)","(128, 1, 1)","(4, 1, 1)",26368,0,3872,592,270,0,0,0,0,0,0,0,0,0,0,0,0,0,0,0,0,0,0,0,0,0,0,0,0,0,0,0,0
8,4096,decode,14,1,4101,20,attention,"void at::<unnamed>::CatArrayBatchedCopy<at::<unnamed>::OpaqueType<2>, unsigned int, 4, 64, 64>(T1 *, at::<unnamed>::CatArrInputTensorMetadata<T1, T2, T4, T5>, at::<unnamed>::TensorSizeStride<T2, 4>, int, T2)","(512, 1, 1)","(264, 2, 1)",14592,0,3136,1624,415,0,0,0,0,0,0,0,0,0,0,0,0,0,0,0,0,0,0,0,0,0,0,0,0,0,0,0,0
8,4096,decode,14,1,4101,21,attention,"void at::elementwise_kernel<128, 4, void at::gpu_kernel_impl_nocast<at::BinaryFunctor<c10::BFloat16, c10::BFloat16, c10::BFloat16, binary_internal::MulFunctor<float>>>(at::TensorIteratorBase &, const T1 &)::[lambda(int) (instance 1)]>(int, T3)","(128, 1, 1)","(8, 1, 1)",35072,0,3712,698,415,0,0,0,0,0,0,0,0,0,0,0,0,0,0,0,0,0,0,0,0,0,0,0,0,0,0,0,0
8,4096,decode,14,1,4101,22,attention,"void at::vectorized_elementwise_kernel<4, at::CUDAFunctor_add<c10::BFloat16>, std::array<char *, 3>>(int, T2, T3)","(128, 1, 1)","(8, 1, 1)",20992,0,2336,1032,385,0,0,0,0,0,0,0,0,0,0,0,0,0,0,0,0,0,0,0,0,0,0,0,0,0,0,0,0
8,4096,decode,14,1,4101,23,attention,"void at::<unnamed>::CatArrayBatchedCopy_contig<at::<unnamed>::OpaqueType<2>, unsigned int, 4, 128, 1>(T1 *, at::<unnamed>::CatArrInputTensorMetadata<T1, T2, T4, T5>, at::<unnamed>::TensorSizeStride<T2, 4>, int, T2)","(512, 1, 1)","(264, 2, 1)",33614336,15787008,86016,1575301,1575646,0,0,0,0,0,0,0,0,0,0,0,0,0,0,0,0,0,0,0,0,0,0,0,0,0,0,0,0
8,4096,decode,14,1,4101,24,attention,"void at::<unnamed>::CatArrayBatchedCopy_contig<at::<unnamed>::OpaqueType<2>, unsigned int, 4, 128, 1>(T1 *, at::<unnamed>::CatArrInputTensorMetadata<T1, T2, T4, T5>, at::<unnamed>::TensorSizeStride<T2, 4>, int, T2)","(512, 1, 1)","(264, 2, 1)",33612544,15946240,87296,1577492,1575155,0,0,0,0,0,0,0,0,0,0,0,0,0,0,0,0,0,0,0,0,0,0,0,0,0,0,0,0
8,4096,decode,14,1,4101,25,attention,"void at::elementwise_kernel<128, 4, void at::gpu_kernel_impl_nocast<at::direct_copy_kernel_cuda(at::TensorIteratorBase &)::[lambda() (instance 3)]::operator ()() const::[lambda() (instance 12)]::operator ()() const::[lambda(c10::BFloat16) (instance 1)]>(at::TensorIteratorBase &, const T1 &)::[lambda(int) (instance 1)]>(int, T3)","(128, 1, 1)","(229656, 1, 1)",33652736,210717184,233984,8223025,11030438,0,0,0,0,0,0,0,0,0,0,0,0,0,0,0,0,0,0,0,0,0,0,0,0,0,0,0,0
8,4096,decode,14,1,4101,26,attention,"void at::elementwise_kernel<128, 4, void at::gpu_kernel_impl_nocast<at::direct_copy_kernel_cuda(at::TensorIteratorBase &)::[lambda() (instance 3)]::operator ()() const::[lambda() (instance 12)]::operator ()() const::[lambda(c10::BFloat16) (instance 1)]>(at::TensorIteratorBase &, const T1 &)::[lambda(int) (instance 1)]>(int, T3)","(128, 1, 1)","(229656, 1, 1)",33632512,232412416,233440,8221359,11027354,0,0,0,0,0,0,0,0,0,0,0,0,0,0,0,0,0,0,0,0,0,0,0,0,0,0,0,0
8,4096,decode,14,1,4101,27,attention,"void pytorch_flash::flash_fwd_kernel<pytorch_flash::Flash_fwd_kernel_traits<128, 128, 64, 4, 0, 0, cutlass::bfloat16_t, pytorch_flash::Flash_kernel_traits<128, 128, 64, 4, cutlass::bfloat16_t>>, 0, 0, 0, 0, 0, 1, 0>(pytorch_flash::Flash_fwd_params)","(128, 1, 1)","(1, 8, 28)",470606848,3814144,207936,22050405,1801691,0,0,0,0,0,0,0,0,61069066240,0,0,0,0,0,0,0,0,0,0,0,61069066240,0,0,0,0,0,0,0
8,4096,decode,14,1,4101,28,o_proj,void cutlass::Kernel2<cutlass_80_tensorop_bf16_s16816gemm_relu_bf16_64x64_64x4_tn_align8>(T1::Params),"(64, 1, 1)","(8, 7, 4)",25797632,9216,12064,843054,10775,0,0,0,0,0,0,0,0,1644167168,0,0,0,0,0,0,0,0,0,0,0,1644167168,0,0,0,0,0,0,0
8,4096,decode,14,1,4101,29,o_proj,"void cublasLt::splitKreduce_kernel<32, 16, int, __nv_bfloat16, __nv_bfloat16, float, __nv_bfloat16, 1, 0, 0>(cublasLt::cublasSplitKParams<T6>, const T4 *, const T5 *, T5 *, const T6 *, const T6 *, const T7 *, const T4 *, T7 *, void *, long, T6 *, int *)","(32, 16, 1)","(112, 1, 1)",238336,0,3008,7418,2557,0,0,0,0,0,0,0,0,0,0,0,0,0,0,0,0,0,0,0,0,0,0,0,0,0,0,0,0
8,4096,decode,14,1,4101,30,decode_layer14,"void at::vectorized_elementwise_kernel<4, at::CUDAFunctor_add<c10::BFloat16>, std::array<char *, 3>>(int, T2, T3)","(128, 1, 1)","(56, 1, 1)",118784,0,2336,6056,2517,0,0,0,0,0,0,0,0,0,0,0,0,0,0,0,0,0,0,0,0,0,0,0,0,0,0,0,0
8,4096,decode,14,1,4101,31,post_norm,"void at::unrolled_elementwise_kernel<at::direct_copy_kernel_cuda(at::TensorIteratorBase &)::[lambda() (instance 3)]::operator ()() const::[lambda() (instance 7)]::operator ()() const::[lambda(float) (instance 1)], std::array<char *, 2>, 4, TrivialOffsetCalculator<1, unsigned int>, TrivialOffsetCalculator<1, unsigned int>, memory::LoadWithCast<1>, memory::StoreWithCast<1>>(int, T1, T2, T4, T5, T6, T7)","(128, 1, 1)","(56, 1, 1)",88064,0,4832,2764,5249,0,0,0,0,0,0,0,0,0,0,0,0,0,0,0,0,0,0,0,0,0,0,0,0,0,0,0,0
8,4096,decode,14,1,4101,32,post_norm,"void at::vectorized_elementwise_kernel<4, void at::<unnamed>::pow_tensor_scalar_kernel_impl<float, float>(at::TensorIteratorBase &, T2)::[lambda(float) (instance 1)], std::array<char *, 2>>(int, T2, T3)","(128, 1, 1)","(56, 1, 1)",118272,0,2464,5482,5518,0,0,0,0,0,0,0,0,0,0,0,0,0,0,0,0,0,0,0,0,0,0,0,0,0,0,0,0
8,4096,decode,14,1,4101,33,post_norm,"void at::reduce_kernel<512, 1, at::ReduceOp<float, at::MeanOps<float, float, float, float>, unsigned int, float, 4>>(T3)","(64, 8, 1)","(1, 1, 1)",176384,0,9120,5976,33,0,0,0,0,0,0,0,0,0,0,0,0,0,0,0,0,0,0,0,0,0,0,0,0,0,0,0,0
8,4096,decode,14,1,4101,34,post_norm,"void at::vectorized_elementwise_kernel<4, at::CUDAFunctorOnSelf_add<float>, std::array<char *, 2>>(int, T2, T3)","(128, 1, 1)","(1, 1, 1)",3840,0,2176,251,19,0,0,0,0,0,0,0,0,0,0,0,0,0,0,0,0,0,0,0,0,0,0,0,0,0,0,0,0
8,4096,decode,14,1,4101,35,post_norm,"void at::vectorized_elementwise_kernel<4, at::rsqrt_kernel_cuda(at::TensorIteratorBase &)::[lambda() (instance 2)]::operator ()() const::[lambda() (instance 2)]::operator ()() const::[lambda(float) (instance 1)], std::array<char *, 2>>(int, T2, T3)","(128, 1, 1)","(1, 1, 1)",4096,0,2208,249,24,0,0,0,0,0,0,0,0,0,0,0,0,0,0,0,0,0,0,0,0,0,0,0,0,0,0,0,0
8,4096,decode,14,1,4101,36,post_norm,"void at::elementwise_kernel<128, 2, void at::gpu_kernel_impl_nocast<at::BinaryFunctor<float, float, float, binary_internal::MulFunctor<float>>>(at::TensorIteratorBase &, const T1 &)::[lambda(int) (instance 1)]>(int, T3)","(128, 1, 1)","(112, 1, 1)",127744,0,3392,5668,5390,0,0,0,0,0,0,0,0,0,0,0,0,0,0,0,0,0,0,0,0,0,0,0,0,0,0,0,0
8,4096,decode,14,1,4101,37,post_norm,"void at::vectorized_elementwise_kernel<4, at::bfloat16_copy_kernel_cuda(at::TensorIteratorBase &)::[lambda(float) (instance 1)], std::array<char *, 2>>(int, T2, T3)","(128, 1, 1)","(56, 1, 1)",116480,0,2336,5734,2504,0,0,0,0,0,0,0,0,0,0,0,0,0,0,0,0,0,0,0,0,0,0,0,0,0,0,0,0
8,4096,decode,14,1,4101,38,post_norm,"void at::elementwise_kernel<128, 4, void at::gpu_kernel_impl_nocast<at::BinaryFunctor<c10::BFloat16, c10::BFloat16, c10::BFloat16, binary_internal::MulFunctor<float>>>(at::TensorIteratorBase &, const T1 &)::[lambda(int) (instance 1)]>(int, T3)","(128, 1, 1)","(56, 1, 1)",89600,0,4192,4884,2933,0,0,0,0,0,0,0,0,0,0,0,0,0,0,0,0,0,0,0,0,0,0,0,0,0,0,0,0
8,4096,decode,14,1,4101,39,gate_proj,sm90_xmma_gemm_bf16bf16_bf16f32_f32_tn_n_tilesize64x64x64_warpgroupsize1x1x1_execute_segment_k_off_kernel__5x_cublas,"(384, 1, 1)","(120, 1, 1)",135958784,2568448,40864,6900241,14967,0,0,8690597888,0,0,0,0,0,0,0,0,0,0,0,0,0,0,0,0,0,8690597888,0,0,0,0,0,0,0
8,4096,decode,14,1,4101,40,mlp,"void at::vectorized_elementwise_kernel<4, at::<unnamed>::silu_kernel(at::TensorIteratorBase &)::[lambda() (instance 1)]::operator ()() const::[lambda() (instance 6)]::operator ()() const::[lambda(c10::BFloat16) (instance 1)], std::array<char *, 2>>(int, T2, T3)","(128, 1, 1)","(296, 1, 1)",307200,256,2784,14320,13937,0,0,0,0,0,0,0,0,0,0,0,0,0,0,0,0,0,0,0,0,0,0,0,0,0,0,0,0
8,4096,decode,14,1,4101,41,up_proj,sm90_xmma_gemm_bf16bf16_bf16f32_f32_tn_n_tilesize64x64x64_warpgroupsize1x1x1_execute_segment_k_off_kernel__5x_cublas,"(384, 1, 1)","(120, 1, 1)",135950336,2568960,41824,6900025,14874,0,0,8690597888,0,0,0,0,0,0,0,0,0,0,0,0,0,0,0,0,0,8690597888,0,0,0,0,0,0,0
8,4096,decode,14,1,4101,42,mlp,"void at::vectorized_elementwise_kernel<4, at::BinaryFunctor<c10::BFloat16, c10::BFloat16, c10::BFloat16, binary_internal::MulFunctor<float>>, std::array<char *, 3>>(int, T2, T3)","(128, 1, 1)","(296, 1, 1)",610816,0,2528,19728,14363,0,0,0,0,0,0,0,0,0,0,0,0,0,0,0,0,0,0,0,0,0,0,0,0,0,0,0,0
8,4096,decode,14,1,4101,43,down_proj,sm90_xmma_gemm_bf16bf16_bf16f32_f32_tn_n_tilesize64x64x64_warpgroupsize1x1x1_execute_segment_k_on_kernel__5x_cublas,"(384, 1, 1)","(112, 1, 1)",136156928,2488064,42400,6938823,89466,0,0,8690597888,0,0,0,0,0,0,0,0,0,0,0,0,0,0,0,0,0,8690597888,0,0,0,0,0,0,0
8,4096,decode,14,1,4101,44,decode_layer14,"void at::vectorized_elementwise_kernel<4, at::CUDAFunctor_add<c10::BFloat16>, std::array<char *, 3>>(int, T2, T3)","(128, 1, 1)","(56, 1, 1)",118272,0,2528,5242,2918,0,0,0,0,0,0,0,0,0,0,0,0,0,0,0,0,0,0,0,0,0,0,0,0,0,0,0,0
8,4096,prefill,14,4096,4096,0,input_norm,"void at::unrolled_elementwise_kernel<at::direct_copy_kernel_cuda(at::TensorIteratorBase &)::[lambda() (instance 3)]::operator ()() const::[lambda() (instance 7)]::operator ()() const::[lambda(float) (instance 1)], std::array<char *, 2>, 4, TrivialOffsetCalculator<1, unsigned int>, TrivialOffsetCalculator<1, unsigned int>, memory::LoadWithCast<1>, memory::StoreWithCast<1>>(int, T1, T2, T4, T5, T6, T7)","(128, 1, 1)","(229376, 1, 1)",234925056,465990656,324736,11020111,21978220,0,0,0,0,0,0,0,0,0,0,0,0,0,0,0,0,0,0,0,0,0,0,0,0,0,0,0,0
8,4096,prefill,14,4096,4096,1,input_norm,"void at::vectorized_elementwise_kernel<4, void at::<unnamed>::pow_tensor_scalar_kernel_impl<float, float>(at::TensorIteratorBase &, T2)::[lambda(float) (instance 1)], std::array<char *, 2>>(int, T2, T3)","(128, 1, 1)","(229376, 1, 1)",469788160,468373760,219744,22043657,22017821,0,0,0,0,0,0,0,0,0,0,0,0,0,0,0,0,0,0,0,0,0,0,0,0,0,0,0,0
8,4096,prefill,14,4096,4096,2,input_norm,"void at::reduce_kernel<512, 1, at::ReduceOp<float, at::MeanOps<float, float, float, float>, unsigned int, float, 4>>(T3)","(32, 16, 1)","(2048, 1, 1)",469842944,2648064,114528,22020987,17714,0,0,0,0,0,0,0,0,0,0,0,0,0,0,0,0,0,0,0,0,0,0,0,0,0,0,0,0
8,4096,prefill,14,4096,4096,3,input_norm,"void at::vectorized_elementwise_kernel<4, at::CUDAFunctorOnSelf_add<float>, std::array<char *, 2>>(int, T2, T3)","(128, 1, 1)","(64, 1, 1)",134912,0,2752,6086,6470,0,0,0,0,0,0,0,0,0,0,0,0,0,0,0,0,0,0,0,0,0,0,0,0,0,0,0,0
8,4096,prefill,14,4096,4096,4,input_norm,"void at::vectorized_elementwise_kernel<4, at::rsqrt_kernel_cuda(at::TensorIteratorBase &)::[lambda() (instance 2)]::operator ()() const::[lambda() (instance 2)]::operator ()() const::[lambda(float) (instance 1)], std::array<char *, 2>>(int, T2, T3)","(128, 1, 1)","(64, 1, 1)",134656,512,3072,6696,6129,0,0,0,0,0,0,0,0,0,0,0,0,0,0,0,0,0,0,0,0,0,0,0,0,0,0,0,0
8,4096,prefill,14,4096,4096,5,input_norm,"void at::elementwise_kernel<128, 2, void at::gpu_kernel_impl_nocast<at::BinaryFunctor<float, float, float, binary_internal::MulFunctor<float>>>(at::TensorIteratorBase &, const T1 &)::[lambda(int) (instance 1)]>(int, T3)","(128, 1, 1)","(458752, 1, 1)",469956352,472133376,344640,22179330,22026132,0,0,0,0,0,0,0,0,0,0,0,0,0,0,0,0,0,0,0,0,0,0,0,0,0,0,0,0
8,4096,prefill,14,4096,4096,6,input_norm,"void at::vectorized_elementwise_kernel<4, at::bfloat16_copy_kernel_cuda(at::TensorIteratorBase &)::[lambda(float) (instance 1)], std::array<char *, 2>>(int, T2, T3)","(128, 1, 1)","(229376, 1, 1)",469807360,221637376,163040,22024079,11009552,0,0,0,0,0,0,0,0,0,0,0,0,0,0,0,0,0,0,0,0,0,0,0,0,0,0,0,0
8,4096,prefill,14,4096,4096,7,input_norm,"void at::elementwise_kernel<128, 4, void at::gpu_kernel_impl_nocast<at::BinaryFunctor<c10::BFloat16, c10::BFloat16, c10::BFloat16, binary_internal::MulFunctor<float>>>(at::TensorIteratorBase &, const T1 &)::[lambda(int) (instance 1)]>(int, T3)","(128, 1, 1)","(229376, 1, 1)",234950912,217740032,278368,11037079,11024868,0,0,0,0,0,0,0,0,0,0,0,0,0,0,0,0,0,0,0,0,0,0,0,0,0,0,0,0
8,4096,prefill,14,4096,4096,8,q_proj,sm90_xmma_gemm_bf16bf16_bf16f32_f32_tn_n_tilesize128x128x64_warpgroupsize1x1x1_execute_segment_k_off_kernel__5x_cublas,"(384, 1, 1)","(14, 8, 1)",658595584,228507904,1103328,143429653,11013836,0,0,841813590016,0,0,0,0,0,0,0,0,0,0,0,0,0,0,0,0,0,841813590016,0,0,0,0,0,0,0
8,4096,prefill,14,4096,4096,9,k_proj,sm90_xmma_gemm_bf16bf16_bf16f32_f32_tn_n_tilesize128x128x64_warpgroupsize1x1x1_execute_segment_k_off_kernel__5x_cublas,"(384, 1, 1)","(30, 4, 1)",256132864,29884160,173984,27775947,1574597,0,0,120259084288,0,0,0,0,0,0,0,0,0,0,0,0,0,0,0,0,0,120259084288,0,0,0,0,0,0,0
8,4096,prefill,14,4096,4096,10,v_proj,sm90_xmma_gemm_bf16bf16_bf16f32_f32_tn_n_tilesize128x128x64_warpgroupsize1x1x1_execute_segment_k_off_kernel__5x_cublas,"(384, 1, 1)","(30, 4, 1)",251356928,29988864,173024,27589183,1574613,0,0,120259084288,0,0,0,0,0,0,0,0,0,0,0,0,0,0,0,0,0,120259084288,0,0,0,0,0,0,0
8,4096,prefill,14,4096,4096,11,attention,"void at::elementwise_kernel<128, 4, void at::gpu_kernel_impl_nocast<at::BinaryFunctor<c10::BFloat16, c10::BFloat16, c10::BFloat16, binary_internal::MulFunctor<float>>>(at::TensorIteratorBase &, const T1 &)::[lambda(int) (instance 1)]>(int, T3)","(128, 1, 1)","(229376, 1, 1)",243309568,217749248,350880,13018305,10998050,0,0,0,0,0,0,0,0,0,0,0,0,0,0,0,0,0,0,0,0,0,0,0,0,0,0,0,0
8,4096,prefill,14,4096,4096,12,attention,"void at::elementwise_kernel<128, 4, void at::gpu_kernel_impl_nocast<at::neg_kernel_cuda(at::TensorIteratorBase &)::[lambda() (instance 2)]::operator ()() const::[lambda() (instance 9)]::operator ()() const::[lambda(c10::BFloat16) (instance 1)]>(at::TensorIteratorBase &, const T1 &)::[lambda(int) (instance 1)]>(int, T3)","(128, 1, 1)","(114688, 1, 1)",117485824,99627776,137120,5510717,5518301,0,0,0,0,0,0,0,0,0,0,0,0,0,0,0,0,0,0,0,0,0,0,0,0,0,0,0,0
8,4096,prefill,14,4096,4096,13,attention,"void at::<unnamed>::CatArrayBatchedCopy<at::<unnamed>::OpaqueType<2>, unsigned int, 4, 64, 64>(T1 *, at::<unnamed>::CatArrInputTensorMetadata<T1, T2, T4, T5>, at::<unnamed>::TensorSizeStride<T2, 4>, int, T2)","(512, 1, 1)","(264, 2, 1)",234923776,218156288,468192,11012377,11011644,0,0,0,0,0,0,0,0,0,0,0,0,0,0,0,0,0,0,0,0,0,0,0,0,0,0,0,0
8,4096,prefill,14,4096,4096,14,attention,"void at::elementwise_kernel<128, 4, void at::gpu_kernel_impl_nocast<at::BinaryFunctor<c10::BFloat16, c10::BFloat16, c10::BFloat16, binary_internal::MulFunctor<float>>>(at::TensorIteratorBase &, const T1 &)::[lambda(int) (instance 1)]>(int, T3)","(128, 1, 1)","(229376, 1, 1)",236007424,218332928,279552,17885545,11023045,0,0,0,0,0,0,0,0,0,0,0,0,0,0,0,0,0,0,0,0,0,0,0,0,0,0,0,0
8,4096,prefill,14,4096,4096,15,attention,"void at::elementwise_kernel<128, 4, void at::gpu_kernel_impl_nocast<at::CUDAFunctor_add<c10::BFloat16>>(at::TensorIteratorBase &, const T1 &)::[lambda(int) (instance 1)]>(int, T3)","(128, 1, 1)","(229376, 1, 1)",469818880,224335616,366368,22026309,11004011,0,0,0,0,0,0,0,0,0,0,0,0,0,0,0,0,0,0,0,0,0,0,0,0,0,0,0,0
8,4096,prefill,14,4096,4096,16,attention,"void at::elementwise_kernel<128, 4, void at::gpu_kernel_impl_nocast<at::BinaryFunctor<c10::BFloat16, c10::BFloat16, c10::BFloat16, binary_internal::MulFunctor<float>>>(at::TensorIteratorBase &, const T1 &)::[lambda(int) (instance 1)]>(int, T3)","(128, 1, 1)","(32768, 1, 1)",34713856,17178368,53952,1834612,1572139,0,0,0,0,0,0,0,0,0,0,0,0,0,0,0,0,0,0,0,0,0,0,0,0,0,0,0,0
8,4096,prefill,14,4096,4096,17,attention,"void at::elementwise_kernel<128, 4, void at::gpu_kernel_impl_nocast<at::neg_kernel_cuda(at::TensorIteratorBase &)::[lambda() (instance 2)]::operator ()() const::[lambda() (instance 9)]::operator ()() const::[lambda(c10::BFloat16) (instance 1)]>(at::TensorIteratorBase &, const T1 &)::[lambda(int) (instance 1)]>(int, T3)","(128, 1, 1)","(16384, 1, 1)",16803072,1151744,21056,670323,790858,0,0,0,0,0,0,0,0,0,0,0,0,0,0,0,0,0,0,0,0,0,0,0,0,0,0,0,0
8,4096,prefill,14,4096,4096,18,attention,"void at::<unnamed>::CatArrayBatchedCopy<at::<unnamed>::OpaqueType<2>, unsigned int, 4, 64, 64>(T1 *, at::<unnamed>::CatArrInputTensorMetadata<T1, T2, T4, T5>, at::<unnamed>::TensorSizeStride<T2, 4>, int, T2)","(512, 1, 1)","(264, 2, 1)",33571072,16164352,71456,1570513,1574689,0,0,0,0,0,0,0,0,0,0,0,0,0,0,0,0,0,0,0,0,0,0,0,0,0,0,0,0
8,4096,prefill,14,4096,4096,19,attention,"void at::elementwise_kernel<128, 4, void at::gpu_kernel_impl_nocast<at::BinaryFunctor<c10::BFloat16, c10::BFloat16, c10::BFloat16, binary_internal::MulFunctor<float>>>(at::TensorIteratorBase &, const T1 &)::[lambda(int) (instance 1)]>(int, T3)","(128, 1, 1)","(32768, 1, 1)",34638848,16924672,42560,2554235,1565408,0,0,0,0,0,0,0,0,0,0,0,0,0,0,0,0,0,0,0,0,0,0,0,0,0,0,0,0
8,4096,prefill,14,4096,4096,20,attention,"void at::elementwise_kernel<128, 4, void at::gpu_kernel_impl_nocast<at::CUDAFunctor_add<c10::BFloat16>>(at::TensorIteratorBase &, const T1 &)::[lambda(int) (instance 1)]>(int, T3)","(128, 1, 1)","(32768, 1, 1)",67149056,22706176,55680,3145999,1582939,0,0,0,0,0,0,0,0,0,0,0,0,0,0,0,0,0,0,0,0,0,0,0,0,0,0,0,0
8,4096,prefill,14,4096,4096,21,attention,"void at::elementwise_kernel<128, 4, void at::gpu_kernel_impl_nocast<at::direct_copy_kernel_cuda(at::TensorIteratorBase &)::[lambda() (instance 3)]::operator ()() const::[lambda() (instance 12)]::operator ()() const::[lambda(c10::BFloat16) (instance 1)]>(at::TensorIteratorBase &, const T1 &)::[lambda(int) (instance 1)]>(int, T3)","(128, 1, 1)","(229376, 1, 1)",33583360,210327296,327520,8212611,11002181,0,0,0,0,0,0,0,0,0,0,0,0,0,0,0,0,0,0,0,0,0,0,0,0,0,0,0,0
8,4096,prefill,14,4096,4096,22,attention,"void at::elementwise_kernel<128, 4, void at::gpu_kernel_impl_nocast<at::direct_copy_kernel_cuda(at::TensorIteratorBase &)::[lambda() (instance 3)]::operator ()() const::[lambda() (instance 12)]::operator ()() const::[lambda(c10::BFloat16) (instance 1)]>(at::TensorIteratorBase &, const T1 &)::[lambda(int) (instance 1)]>(int, T3)","(128, 1, 1)","(229376, 1, 1)",33587968,210581760,327424,8214145,11007457,0,0,0,0,0,0,0,0,0,0,0,0,0,0,0,0,0,0,0,0,0,0,0,0,0,0,0,0
8,4096,prefill,14,4096,4096,23,attention,"void at::elementwise_kernel<128, 4, void at::gpu_kernel_impl_nocast<at::direct_copy_kernel_cuda(at::TensorIteratorBase &)::[lambda() (instance 3)]::operator ()() const::[lambda() (instance 12)]::operator ()() const::[lambda(c10::BFloat16) (instance 1)]>(at::TensorIteratorBase &, const T1 &)::[lambda(int) (instance 1)]>(int, T3)","(128, 1, 1)","(229376, 1, 1)",234939648,217780224,309600,11008173,11004518,0,0,0,0,0,0,0,0,0,0,0,0,0,0,0,0,0,0,0,0,0,0,0,0,0,0,0,0
8,4096,prefill,14,4096,4096,24,attention,"void pytorch_flash::flash_fwd_kernel<pytorch_flash::Flash_fwd_kernel_traits<128, 128, 64, 4, 0, 0, cutlass::bfloat16_t, pytorch_flash::Flash_kernel_traits<128, 128, 64, 4, cutlass::bfloat16_t>>, 0, 1, 0, 0, 1, 1, 0>(pytorch_flash::Flash_fwd_params)","(128, 1, 1)","(32, 8, 28)",928834304,347293440,2923232,275096337,68481458,0,0,0,0,0,0,0,0,992137445376,0,0,0,0,0,0,0,0,0,0,0,992137445376,0,0,0,0,0,0,0
8,4096,prefill,14,4096,4096,25,attention,"void at::elementwise_kernel<128, 4, void at::gpu_kernel_impl_nocast<at::direct_copy_kernel_cuda(at::TensorIteratorBase &)::[lambda() (instance 3)]::operator ()() const::[lambda() (instance 12)]::operator ()() const::[lambda(c10::BFloat16) (instance 1)]>(at::TensorIteratorBase &, const T1 &)::[lambda(int) (instance 1)]>(int, T3)","(128, 1, 1)","(229376, 1, 1)",234948096,239231232,311712,11011089,11024368,0,0,0,0,0,0,0,0,0,0,0,0,0,0,0,0,0,0,0,0,0,0,0,0,0,0,0,0
8,4096,prefill,14,4096,4096,26,o_proj,sm90_xmma_gemm_bf16bf16_bf16f32_f32_tn_n_tilesize128x128x64_warpgroupsize1x1x1_execute_segment_k_off_kernel__5x_cublas,"(384, 1, 1)","(30, 4, 1)",712437760,250762240,1072704,173920831,11011679,0,0,841813590016,0,0,0,0,0,0,0,0,0,0,0,0,0,0,0,0,0,841813590016,0,0,0,0,0,0,0
8,4096,prefill,14,4096,4096,27,prefill_layer14,"void at::vectorized_elementwise_kernel<4, at::CUDAFunctor_add<c10::BFloat16>, std::array<char *, 3>>(int, T2, T3)","(128, 1, 1)","(229376, 1, 1)",469788160,220571648,161152,22025289,10993089,0,0,0,0,0,0,0,0,0,0,0,0,0,0,0,0,0,0,0,0,0,0,0,0,0,0,0,0
8,4096,prefill,14,4096,4096,28,post_norm,"void at::unrolled_elementwise_kernel<at::direct_copy_kernel_cuda(at::TensorIteratorBase &)::[lambda() (instance 3)]::operator ()() const::[lambda() (instance 7)]::operator ()() const::[lambda(float) (instance 1)], std::array<char *, 2>, 4, TrivialOffsetCalculator<1, unsigned int>, TrivialOffsetCalculator<1, unsigned int>, memory::LoadWithCast<1>, memory::StoreWithCast<1>>(int, T1, T2, T4, T5, T6, T7)","(128, 1, 1)","(229376, 1, 1)",234963200,466054400,323424,11018619,22018995,0,0,0,0,0,0,0,0,0,0,0,0,0,0,0,0,0,0,0,0,0,0,0,0,0,0,0,0
8,4096,prefill,14,4096,4096,29,post_norm,"void at::vectorized_elementwise_kernel<4, void at::<unnamed>::pow_tensor_scalar_kernel_impl<float, float>(at::TensorIteratorBase &, T2)::[lambda(float) (instance 1)], std::array<char *, 2>>(int, T2, T3)","(128, 1, 1)","(229376, 1, 1)",469801216,468485888,221536,22037909,22015385,0,0,0,0,0,0,0,0,0,0,0,0,0,0,0,0,0,0,0,0,0,0,0,0,0,0,0,0
8,4096,prefill,14,4096,4096,30,post_norm,"void at::reduce_kernel<512, 1, at::ReduceOp<float, at::MeanOps<float, float, float, float>, unsigned int, float, 4>>(T3)","(32, 16, 1)","(2048, 1, 1)",469842176,2552832,114432,22020971,17750,0,0,0,0,0,0,0,0,0,0,0,0,0,0,0,0,0,0,0,0,0,0,0,0,0,0,0,0
8,4096,prefill,14,4096,4096,31,post_norm,"void at::vectorized_elementwise_kernel<4, at::CUDAFunctorOnSelf_add<float>, std::array<char *, 2>>(int, T2, T3)","(128, 1, 1)","(64, 1, 1)",134656,0,2432,6092,6460,0,0,0,0,0,0,0,0,0,0,0,0,0,0,0,0,0,0,0,0,0,0,0,0,0,0,0,0
8,4096,prefill,14,4096,4096,32,post_norm,"void at::vectorized_elementwise_kernel<4, at::rsqrt_kernel_cuda(at::TensorIteratorBase &)::[lambda() (instance 2)]::operator ()() const::[lambda() (instance 2)]::operator ()() const::[lambda(float) (instance 1)], std::array<char *, 2>>(int, T2, T3)","(128, 1, 1)","(64, 1, 1)",134400,0,2304,6696,6142,0,0,0,0,0,0,0,0,0,0,0,0,0,0,0,0,0,0,0,0,0,0,0,0,0,0,0,0
8,4096,prefill,14,4096,4096,33,post_norm,"void at::elementwise_kernel<128, 2, void at::gpu_kernel_impl_nocast<at::BinaryFunctor<float, float, float, binary_internal::MulFunctor<float>>>(at::TensorIteratorBase &, const T1 &)::[lambda(int) (instance 1)]>(int, T3)","(128, 1, 1)","(458752, 1, 1)",469935360,472142080,343008,22182096,22022011,0,0,0,0,0,0,0,0,0,0,0,0,0,0,0,0,0,0,0,0,0,0,0,0,0,0,0,0
8,4096,prefill,14,4096,4096,34,post_norm,"void at::vectorized_elementwise_kernel<4, at::bfloat16_copy_kernel_cuda(at::TensorIteratorBase &)::[lambda(float) (instance 1)], std::array<char *, 2>>(int, T2, T3)","(128, 1, 1)","(229376, 1, 1)",469787904,221781504,162656,22037640,10990678,0,0,0,0,0,0,0,0,0,0,0,0,0,0,0,0,0,0,0,0,0,0,0,0,0,0,0,0
8,4096,prefill,14,4096,4096,35,post_norm,"void at::elementwise_kernel<128, 4, void at::gpu_kernel_impl_nocast<at::BinaryFunctor<c10::BFloat16, c10::BFloat16, c10::BFloat16, binary_internal::MulFunctor<float>>>(at::TensorIteratorBase &, const T1 &)::[lambda(int) (instance 1)]>(int, T3)","(128, 1, 1)","(229376, 1, 1)",234973696,217540608,277984,11054581,11033827,0,0,0,0,0,0,0,0,0,0,0,0,0,0,0,0,0,0,0,0,0,0,0,0,0,0,0,0
8,4096,prefill,14,4096,4096,36,gate_proj,sm90_xmma_gemm_bf16bf16_bf16f32_f32_tn_n_tilesize128x128x64_warpgroupsize1x1x1_execute_segment_k_off_kernel__5x_cublas,"(384, 1, 1)","(14, 8, 1)",4230805248,1257389312,5781088,751222539,58200810,0,0,4449586118656,0,0,0,0,0,0,0,0,0,0,0,0,0,0,0,0,0,4449586118656,0,0,0,0,0,0,0
8,4096,prefill,14,4096,4096,37,mlp,"void at::vectorized_elementwise_kernel<4, at::<unnamed>::silu_kernel(at::TensorIteratorBase &)::[lambda() (instance 1)]::operator ()() const::[lambda() (instance 6)]::operator ()() const::[lambda(c10::BFloat16) (instance 1)], std::array<char *, 2>>(int, T2, T3)","(128, 1, 1)","(1212416, 1, 1)",1241591808,1243668224,753056,58205129,58161973,0,0,0,0,0,0,0,0,0,0,0,0,0,0,0,0,0,0,0,0,0,0,0,0,0,0,0,0
8,4096,prefill,14,4096,4096,38,up_proj,sm90_xmma_gemm_bf16bf16_bf16f32_f32_tn_n_tilesize128x128x64_warpgroupsize1x1x1_execute_segment_k_off_kernel__5x_cublas,"(384, 1, 1)","(14, 8, 1)",4232298752,1257412608,5790080,751647449,58202515,0,0,4449586118656,0,0,0,0,0,0,0,0,0,0,0,0,0,0,0,0,0,4449586118656,0,0,0,0,0,0,0
8,4096,prefill,14,4096,4096,39,mlp,"void at::vectorized_elementwise_kernel<4, at::BinaryFunctor<c10::BFloat16, c10::BFloat16, c10::BFloat16, binary_internal::MulFunctor<float>>, std::array<char *, 3>>(int, T2, T3)","(128, 1, 1)","(1212416, 1, 1)",2483068416,1249148160,853088,116395429,58174079,0,0,0,0,0,0,0,0,0,0,0,0,0,0,0,0,0,0,0,0,0,0,0,0,0,0,0,0
8,4096,prefill,14,4096,4096,40,down_proj,sm90_xmma_gemm_bf16bf16_bf16f32_f32_tn_n_tilesize256x128x64_warpgroupsize2x1x1_execute_segment_k_off_kernel__5x_cublas,"(384, 1, 1)","(132, 1, 1)",7997349632,236167168,5566880,1150807861,11015382,0,0,4449586118656,0,0,0,0,0,0,0,0,0,0,0,0,0,0,0,0,0,4449586118656,0,0,0,0,0,0,0
8,4096,prefill,14,4096,4096,41,prefill_layer14,"void at::vectorized_elementwise_kernel<4, at::CUDAFunctor_add<c10::BFloat16>, std::array<char *, 3>>(int, T2, T3)","(128, 1, 1)","(229376, 1, 1)",469809920,221355520,162912,22020713,11011854,0,0,0,0,0,0,0,0,0,0,0,0,0,0,0,0,0,0,0,0,0,0,0,0,0,0,0,0
