batch,prompt_length,phase,layer,module,input_shape,in_features,out_features,nominal_flops
1,1024,decode,14,q_proj,1x1x3584,3584,3584,25690112
1,1024,decode,14,k_proj,1x1x3584,3584,512,3670016
1,1024,decode,14,v_proj,1x1x3584,3584,512,3670016
1,1024,decode,14,o_proj,1x1x3584,3584,3584,25690112
1,1024,decode,14,gate_proj,1x1x3584,3584,18944,135790592
1,1024,decode,14,up_proj,1x1x3584,3584,18944,135790592
1,1024,decode,14,down_proj,1x1x18944,18944,3584,135790592
1,1024,prefill,14,q_proj,1x1024x3584,3584,3584,26306674688
1,1024,prefill,14,k_proj,1x1024x3584,3584,512,3758096384
1,1024,prefill,14,v_proj,1x1024x3584,3584,512,3758096384
1,1024,prefill,14,o_proj,1x1024x3584,3584,3584,26306674688
1,1024,prefill,14,gate_proj,1x1024x3584,3584,18944,139049566208
1,1024,prefill,14,up_proj,1x1024x3584,3584,18944,139049566208
1,1024,prefill,14,down_proj,1x1024x18944,18944,3584,139049566208
8,1024,decode,14,q_proj,8x1x3584,3584,3584,205520896
8,1024,decode,14,k_proj,8x1x3584,3584,512,29360128
8,1024,decode,14,v_proj,8x1x3584,3584,512,29360128
8,1024,decode,14,o_proj,8x1x3584,3584,3584,205520896
8,1024,decode,14,gate_proj,8x1x3584,3584,18944,1086324736
8,1024,decode,14,up_proj,8x1x3584,3584,18944,1086324736
8,1024,decode,14,down_proj,8x1x18944,18944,3584,1086324736
8,1024,prefill,14,q_proj,8x1024x3584,3584,3584,210453397504
8,1024,prefill,14,k_proj,8x1024x3584,3584,512,30064771072
8,1024,prefill,14,v_proj,8x1024x3584,3584,512,30064771072
8,1024,prefill,14,o_proj,8x1024x3584,3584,3584,210453397504
8,1024,prefill,14,gate_proj,8x1024x3584,3584,18944,1112396529664
8,1024,prefill,14,up_proj,8x1024x3584,3584,18944,1112396529664
8,1024,prefill,14,down_proj,8x1024x18944,18944,3584,1112396529664
8,4096,decode,14,q_proj,8x1x3584,3584,3584,205520896
8,4096,decode,14,k_proj,8x1x3584,3584,512,29360128
8,4096,decode,14,v_proj,8x1x3584,3584,512,29360128
8,4096,decode,14,o_proj,8x1x3584,3584,3584,205520896
8,4096,decode,14,gate_proj,8x1x3584,3584,18944,1086324736
8,4096,decode,14,up_proj,8x1x3584,3584,18944,1086324736
8,4096,decode,14,down_proj,8x1x18944,18944,3584,1086324736
8,4096,prefill,14,q_proj,8x4096x3584,3584,3584,841813590016
8,4096,prefill,14,k_proj,8x4096x3584,3584,512,120259084288
8,4096,prefill,14,v_proj,8x4096x3584,3584,512,120259084288
8,4096,prefill,14,o_proj,8x4096x3584,3584,3584,841813590016
8,4096,prefill,14,gate_proj,8x4096x3584,3584,18944,4449586118656
8,4096,prefill,14,up_proj,8x4096x3584,3584,18944,4449586118656
8,4096,prefill,14,down_proj,8x4096x18944,18944,3584,4449586118656
